2022,2021,Company,Ownership,Industry,Total_income,Net_income,Profit,Profirt_rank,% of total income,Interest_cost,interest_cost (% of Ebitda),Cash and Bank Balance,Total_debt,Debt-Equity_ratio,Total_Assets,Total_Assets_Rank,Networth,Networth_Rank,RONW(%),ROCE(%),Employees(in nos),"T12M AVG
M-Cap",TSR(%)
1,1,Reliance Industries,Mukesh Ambani,Oil & Gas,739518,699962,60705,1,8.21,14584,13.21,36178,319158,0.41,1222627,8,779485,1,9.17,9.36,342982,1681013,0.78
2,0,LIC,GoI,Financial Services,724744,723606,4125,57,0.57,0,0,44724,0,0,4182536,2,11336,130,45.28,0.31,0,433115,-30.85
3,3,Indian Oil Corporation,GoI,Oil & Gas,607365,589336,25102,8,4.13,4301,9.23,1820,132020,0.99,272852,27,133535,8,20.97,15.29,31254,108577,-13.7
4,4,ONGC,GoI,Oil & gas,502474,491270,45522,2,9.06,5696,7.32,6841,121986,0.47,444489,17,259503,3,20.52,14.62,27165,188068,-6.05
5,2,State Bank of India,GoI,Banking,406973,289973,35374,6,8.69,156194,0,398905,4536571,0,5371426,1,282210,2,13.61,0.69,245652,447533,13.04
6,6,Bharat Petroleum Corporation,GoI,Oil & Gas,355772,346791,11682,26,3.28,2606,13.62,2237,64534,1.24,118219,55,51906,33,22.15,16.37,8594,76165,-24.86
7,5,Tata Motors,Tata Group,Auto,280027,278454,-11441,499,0,9312,38.83,40669,146449,3.29,221106,38,44561,41,0,1.04,25588,160911,-15.05
8,9,Tata Steel,Tata Group,Iron & Steel,253797,243959,40154,3,15.82,5462,8.73,15899,75561,0.66,207633,40,113546,10,44.54,29.16,35927,136734,-21.69
9,13,Hindalco Industries,Aditya Birla Group,Metals & Mining,206795,195059,13730,19,6.64,3768,13.64,17392,64486,0.82,152037,44,78191,17,18.97,15.45,21151,101778,-14.3
10,7,Tata Consultancy Services,Tata Group,Infotech,195772,191754,38327,4,19.58,784,1.48,18221,7818,0.09,100023,58,88651,15,44.13,53.97,592195,1265497,-6.89
11,10,HDFC Bank,"Diversified
                                              *",Banking,167695,135936,38053,5,22.69,58584,0,155386,1784970,0,2122934,3,247326,4,16.69,1.94,141579,802745,-5.72
12,11,Larsen & Toubro,Diversified,Capital Goods,160962,156521,8669,30,5.39,9235,37.96,18953,125292,1.52,221833,37,82408,16,13,11.3,50267,252441,14.15
13,8,ICICI Bank,Diversified,Banking,157536,95407,25110,7,15.94,41167,0,183126,1252969,0,1756355,4,178824,6,15.47,1.51,105844,541104,13.62
14,24,JSW Steel,Savitri Devi Jindal,Iron & Steel,152420,146371,20665,11,13.56,4968,12.98,17383,72208,1.07,144039,47,67297,21,37.09,26.82,12398,156564,0.95
15,12,HDFC,"Diversified
                                              *",NBFC,144938,135926,22595,9,15.59,27230,0,2629,507460,2.82,700090,14,179853,5,14.29,8.59,6214,439224,-13.39
16,14,NTPC,GoI,Power,137580,132669,16676,15,12.12,9376,23.29,4458,210707,1.56,356845,22,135374,7,12.99,9.01,0,141394,35.22
17,20,Vedanta,Anil Agarwal,Metals & Mining,137381,132732,18802,12,13.69,4797,10.89,15592,53581,0.82,145680,46,65383,26,37.14,29.37,8129,118262,17.59
18,16,Infosys,"Diversified
                                              *",Infotech,123936,121641,22110,10,17.84,200,0.64,17472,5474,0.07,83998,65,67011,22,32.34,39.66,314015,684684,-7.58
19,15,Bharti Airtel,Mittal brothers & family,Telecommunication,122048,116547,4255,54,3.49,16616,29.31,13494,169678,2.55,274268,26,66554,23,11.43,11.26,14774,409262,17.31
20,17,Coal India,GoI,Metals & Mining,111310,109714,17358,13,15.59,541,2.19,29179,3514,0.08,122082,53,43143,42,43.63,20.59,251320,115608,59.72
21,30,Steel Authority of India,GoI,Iron & Steel,105033,103477,12243,23,11.66,1698,8.09,786,17284,0.32,80950,67,54212,32,24.58,21.13,62181,37655,-31.48
22,25,Grasim Industries,Aditya Birla Group,Diversified,98340,89073,7550,32,7.68,4776,34.78,3253,74733,0.99,249863,29,75698,19,15.87,8.86,23591,106772,-3.17
23,31,"Nayara Energy
                                                      ^",MNC,Oil & gas,97354,93889,921,174,0.95,1840,39.25,2529,18358,0.85,48987,96,21642,75,4.35,6.4,4382,0,0
24,34,GAIL (India),GoI,Oil & Gas,95970,92770,12256,22,12.77,202,1.34,2804,9216,0.14,80013,70,64114,27,20.98,21.37,13935,62828,-2.14
25,26,Mahindra & Mahindra,M&M Group,Auto,94407,90171,6577,34,6.97,5018,34.58,11118,77605,1.65,142586,48,47123,40,16.35,10.93,21297,124049,56.36
26,19,Canara Bank,GoI,Banking,94257,70614,6125,37,6.5,43035,0,182391,1132626,0,1257664,7,61455,30,10.03,0.5,86919,40385,40.02
27,28,Maruti Suzuki India,MNC,Auto,90330,88330,3880,60,4.29,127,2.22,3042,426,0.01,58025,87,55334,31,5.24,5.83,16259,245546,25.97
28,18,Punjab National Bank,GoI,Banking,88571,76242,3861,61,4.36,46823,0,134194,1213606,0,1340471,6,90533,13,4.44,0.29,103144,39633,3.39
29,21,Bank of Baroda,GoI,Banking,87780,73385,7850,31,8.94,38815,0,130229,1185331,0,1343104,5,91868,12,8.37,0.62,0,56318,53.63
30,27,HCL Technologies,Shiv Nadar,Infotech,86785,85651,13499,20,15.55,319,1.55,12636,6343,0.1,70907,78,61914,29,22.2,24.59,112498,291346,-8.28
31,23,Axis Bank,"Diversified
                                              *",Banking,86114,68846,14119,17,16.4,34923,0,112344,1020692,0,1195726,10,118261,9,12.77,1.29,85815,223726,20.59
32,22,Union Bank of India,GoI,Banking,81754,68230,5265,43,6.44,40178,0,119758,1085613,0,1196965,9,66104,24,8.27,0.46,75201,28662,21.74
33,32,Wipro,Azim Premji,Infotech,81416,79312,12230,24,15.02,533,3.19,10384,17593,0.27,85887,64,65403,25,20.35,20.45,247073,284287,-40.42
34,29,Power Finance Corporation,GoI,NBFC,76345,76262,14015,18,18.36,44709,0,6685,660476,9.21,756751,12,71676,20,28.34,9.38,501,30494,-5.58
35,33,Bajaj Finserv,Bajaj Group,NBFC,68439,68406,4557,50,6.66,9629,0,4403,161179,4,227499,35,40247,45,21.86,11.43,114,247652,-3.88
36,35,Samvardhana Motherson International,Vivek Chaand Sehgal,Auto Ancillaries,64663,63536,874,181,1.35,543,12.29,4999,14130,0.69,38062,111,20588,80,7.13,7.47,102422,61194,-49.18
37,37,ITC,"Diversified
                                              *",FMCG,63208,60668,15243,16,24.12,60,0.29,4654,249,0,63473,80,62456,28,25.25,33.49,23829,329683,60.8
38,36,Kotak Mahindra Bank,Uday Kotak,Banking,59051,33740,12089,25,20.47,11553,0,52665,365235,0,546715,16,96665,11,13.14,2.36,90000,365100,-8.57
39,0,"Adani Wilmar
                                                      (**)",Adani Group,Food & Agri Products,53808,51879,804,197,1.49,541,31.15,4494,2701,0.36,10808,200,7606,163,14.2,18.22,2409,79083,153.45
40,42,UltraTech Cement,Aditya Birla Group,Cement,53651,52599,7344,33,13.69,945,8.2,359,11299,0.22,62657,82,50435,35,15.5,14.62,21921,191756,-13.14
41,40,Hindustan Unilever,MNC,FMCG,52909,52446,8879,29,16.78,106,0.84,3846,1043,0.02,53398,90,49061,37,18.38,22.76,8480,554507,6.78
42,38,Jindal Steel & Power,Savitri Devi Jindal,Iron & Steel,51993,51166,5753,40,11.07,1888,13.86,3669,13502,0.38,51135,94,35625,50,20.07,20.68,6200,42641,7.33
43,0,GIC,GoI,Financial Services,49739,49585,2386,81,4.8,0,0,21451,0,0,60045,85,36008,49,6.42,6.61,0,22036,-5.23
44,45,"Hyundai Motor India
                                                      ^",MNC,Auto,48028,47378,2902,72,6.04,132,2.4,14139,1178,0.07,19546,145,16856,94,18.04,20.73,0,0,0
45,46,UPL,R.D. Shroff,"Fert, Agrochem",46655,46240,3626,63,7.77,2295,24.93,6120,26746,1.08,56523,89,24661,68,19.48,14.8,5456,56255,2.02
46,39,Bank of India,GoI,Banking,46373,38281,3493,65,7.53,24083,0,91709,656802,0,745089,13,49540,36,7.48,0.47,51825,20696,4.17
47,44,Power Grid Corporation of India,GoI,Power,46342,41616,16824,14,36.3,8036,22.45,5048,134696,1.77,215226,39,76247,18,19.39,11.25,8536,149824,30.61
48,52,Tata Power Company,Tata Group,Power,46298,43095,1741,97,3.76,3859,59.25,6641,51195,2.28,88375,62,22442,72,9.63,7.9,21636,73763,2.11
49,41,Indian Bank,GoI,Banking,46268,38862,4142,56,8.95,22129,0,79968,610724,0,674096,15,38741,46,11.03,0.64,39803,20583,53.92
50,47,Tech Mahindra,Mahindra Group,Infotech,45761,44646,5566,42,12.16,163,2.03,3975,2618,0.1,33667,114,26886,61,21.76,23.78,104583,126060,-27.4
51,59,Petronet LNG,GoI,Oil & Gas,43565,43169,3438,66,7.89,317,6.05,4326,3439,0.25,18098,148,13668,111,26.99,28.24,532,32191,-6.87
52,50,Sun Pharmaceuticals Industries,Dilip Shanghvi,"Drugs, pharma",39838,38654,3273,67,8.22,127,2.24,5033,1290,0.03,53376,91,48011,38,14.5,17.97,19021,208246,26.56
53,48,REC,GoI,NBFC,39339,39276,10036,27,25.51,22051,0,2660,333043,6.49,384357,21,51314,34,21.11,9.1,442,25694,0.64
54,43,Vodafone Idea,MNC,Telecommunication,38849,38516,-28245,500,0,20981,131.15,3497,40647,0,159273,43,-61965,500,0,0,0,31106,-15.27
55,49,IndusInd Bank,Hinduja Group,Banking,38230,30822,4805,48,12.57,15822,0,68585,340673,0,402333,19,47719,39,10.57,1.26,33582,75633,-6.24
56,51,"Nabard
                                                      ^",GoI,NBFC,37175,36905,5179,45,13.93,26574,0,6073,646380,0,758469,11,90061,14,6.08,0.73,0,0,0
57,53,New India Assurance Company,GoI,Insurance,35916,35821,195,386,0.54,0,0,12629,0,0,39909,106,25805,65,0.69,0.47,13929,18381,-41.68
58,56,Bajaj Auto,Bajaj Group,Auto,35637,33145,6166,36,17.3,9,0.16,958,123,0,30020,122,29860,59,19.01,23.39,7317,105551,2.19
59,80,Titan Company,Tata Group,Gems & Jewellery,33828,28799,2173,87,6.42,218,6.63,1573,7275,0.78,16811,156,9303,143,26.17,20.76,7263,214331,14.81
60,58,Adani Power,Adani Group,Power,31686,27711,4912,47,15.5,4095,41.72,2365,48744,2.58,73270,76,18457,87,17.84,12.71,0,88754,224.7
61,63,Avenue Supermarts,R.K. Damani,Retail Trade,31588,30976,1493,117,4.73,54,2.15,299,647,0.05,14330,165,13678,110,11.54,15.74,11312,272254,-5.21
62,55,Max Financial Services,"Diversified
                                              *",Diversified,31188,31182,253,361,0.81,25,0,600,522,0.13,5007,299,3935,253,6.44,7.94,0,28899,-28.46
63,66,Asian Paints,"Diversified
                                              *",FMCG,30838,29101,3031,69,9.83,95,2.04,864,1587,0.11,16009,159,13812,109,23.18,28.8,7423,302270,0.24
64,68,"MMTC-PAMP India
                                                      ^",MNC,Mining & minerals,30488,29278,42,437,0.14,68,46.47,80,611,1.75,992,489,348,472,24.92,17.96,0,0,0
65,54,Hero MotoCorp,Munjal family,Auto,30078,29551,2317,83,7.7,53,1.64,300,605,0.04,16936,155,15847,97,14.9,18.79,9173,52027,3.33
66,62,Ambuja Cements,"MNC
                                              (Adani Group bought Ambuja-ACC in May 2022)",Cement,29868,28965,2780,73,9.31,146,2.39,11694,477,0.02,33294,117,25354,66,15.43,21.37,4723,77109,32.89
67,101,Indus Towers,"Diversified
                                              *",Telecom (Ancillaries),28176,27717,6373,35,22.62,1603,10.76,980,19726,0.89,44313,99,22151,74,33.52,23.87,3248,60720,-30.92
68,94,NMDC,GoI,Metals & Mining,27801,25882,9379,28,33.74,39,0.31,7978,3491,0.1,39734,107,34987,52,28.95,35.8,5539,39349,7.44
69,77,Oil India,GoI,Oil & Gas,27427,25906,5622,41,20.5,940,8.95,1550,16721,0.55,51084,95,30562,58,24.78,21.32,0,23212,-8.29
70,70,Ashok Leyland,Hinduja Group,Auto,26725,26596,-359,471,0,1869,79.23,2099,24145,3.31,33356,116,7304,169,0,6.13,10101,39945,7.03
71,97,Interglobe Aviation,Rahul Bhatia,Airline Services,26658,25931,-6162,497,0,2386,414.77,10120,36878,0,34948,113,-5988,496,0,0,26164,73223,-18.37
72,71,Sundaram Clayton,TVS-Venu Srinivasan,Auto Ancillaries,26010,25591,441,283,1.69,985,33.64,3934,16593,3.27,24154,131,5079,222,20.65,11.44,1606,8312,24.55
73,60,Central Bank of India,GoI,Banking,25889,22903,1076,153,4.16,13361,0,53097,350828,0,388320,20,23834,71,4.65,0.28,30289,17015,-6.65
74,69,Hindustan Aeronautics,GoI,Capital Goods,25013,24620,5080,46,20.31,65,1.2,14348,49,0,33416,115,19313,82,29.25,17.69,25412,57658,97.04
75,93,"Suzuki Motor Gujarat
                                                      ^^ ^",MNC,Auto,24793,24440,23,447,0.09,1,0.05,2734,0,0,12766,179,12757,113,0.25,0.63,0,0,0
76,78,TVS Motor Company,TVS-Venu Srinivasan,Auto,24651,24355,757,208,3.07,940,34.64,1536,15827,3.6,21131,139,4399,238,17.77,10.94,5161,36656,72.02
77,84,EID Parry (India),Murugappa Group,Sugar,23930,23528,907,176,3.79,152,6.43,1839,1259,0.24,9386,219,5326,215,31.76,36.64,2068,9013,38.39
78,61,IDBI Bank,Diversified,Banking,23278,18319,2534,78,10.88,9125,0,26800,247195,0,302665,24,34104,54,3.32,0.84,17430,46466,-16.38
79,57,Aurobindo Pharma,P.V. Ramprasad Reddy,"Drugs, Pharma",23075,23455,2648,76,11.48,49,1.18,4190,2851,0.12,27638,125,24576,70,11.38,12.41,15431,35611,-21.78
80,75,Cipla,Yusuf Hamied family,"Drugs, Pharma",22769,21763,2517,79,11.05,106,2.43,1928,1056,0.05,22426,138,20842,78,13.07,16.83,25927,79013,28.9
81,76,Aditya Birla Capital,Aditya Birla Group,NBFC,22582,22232,1706,104,7.55,3480,0,2638,58425,3.77,75516,74,15492,99,11.36,8.2,0,26545,17.44
82,90,"Patanjali Foods
                                                      (**) ^^",Patanjali Ayurved,FMCG,22498,22093,806,195,3.58,359,24.05,2016,3068,0.55,10215,208,6171,192,15.76,15.68,3547,35094,51.65
83,73,Dr Reddys Laboratories,Dr Reddy's Holdings,"Drugs, Pharma",22454,21545,2183,86,9.72,96,2.54,2419,3385,0.18,22790,137,19212,85,11.84,14.46,20122,72295,-7.07
84,64,Yes Bank,"Diversified
                                              *",Banking,22424,19019,1064,156,4.75,12528,0,46748,269403,0,318578,23,33699,55,2.74,0.36,24346,35226,18.75
85,124,Jindal Stainless,Savitri Devi Jindal,Iron & Steel,22141,21223,1881,94,8.5,332,11.12,224,3196,0.62,8569,227,5186,219,45.5,36.27,1761,8118,-28.27
86,87,Apollo Tyres,Onkar Kanwar,Tyres & Tubes,21847,20948,639,227,2.92,465,17.97,1081,6985,0.59,20286,141,11749,125,5.51,6.49,15979,14071,34.08
87,65,Indian Overseas Bank,GoI,Banking,21641,16736,1709,103,7.9,10419,0,36951,265284,0,299656,25,20475,81,4.73,0.6,22363,35322,-13.1
88,88,Bharat Heavy Electricals,GoI,Capital Goods,21084,21211,446,281,2.12,448,54.14,7154,4830,0.18,39667,108,26507,62,1.56,2.19,30758,19497,3.88
89,72,Reliance Infrastructure,"Diversified
                                              *",Power,20549,19689,-938,480,0,2060,112.73,1241,12718,1.01,36968,112,12564,116,0,0,5157,3004,70.52
90,92,MRF,K.M. Mammen,Tyres & Tubes,20490,19317,669,219,3.27,263,12.76,180,3229,0.23,17768,151,14032,108,4.88,6.89,18734,31873,15.61
91,82,IDFC First Bank,"Diversified
                                              *",Banking,20345,17173,132,406,0.65,7465,0,15702,158502,0,190244,41,21082,76,0.57,0.07,27804,27258,10.98
92,96,"Indian Railway Finance Corporation
                                                      ^^",GoI,NBFC,20302,20299,6090,39,30,14075,0,303,388440,9.47,429436,18,40996,44,15.84,5.11,0,28747,-2.38
93,146,Allcargo Logistics,Shashi Kiran Shetty,Transport Logistics,20296,20072,926,173,4.56,120,8.03,644,2317,0.73,5922,273,3162,290,35.43,27.55,959,8401,59.12
94,0,Rail Vikas Nigam,GoI,"Engg, construction",20285,19382,1183,139,5.83,564,47.65,6824,6643,1.04,13335,172,6397,188,19.66,16.33,324,7016,17.81
95,74,LIC Housing Finance,GoI,NBFC,20005,19978,2286,84,11.43,14151,0,985,223757,9.04,248511,30,24751,67,10.08,7.1,2467,20832,-0.62
96,116,"Toyota Kirloskar Motor
                                                      ^^ ^",MNC,Auto,19727,19563,519,259,2.63,45,4.22,4949,3565,1.18,7621,240,3027,296,18.76,10.05,0,0,0
97,111,Coromandel International,Murugappa Group,"Fert, Agro Chem",19374,19111,1528,113,7.89,75,3.51,1753,395,0.06,6777,258,6358,189,26.56,34.45,5042,25996,24.58
98,79,Reliance Capital,"Diversified
                                              *",NBFC,19301,19272,-8116,498,0,2218,0,1570,26839,0,7815,233,-19820,498,0,0,0,376,-38.71
99,85,Shriram Transport Finance Company,Shriram Group,NBFC,19274,19255,2721,74,14.12,9773,0,16355,114846,4.4,140940,49,26094,63,11.33,9.9,25456,34066,-12.79
100,125,"Adani Enterprises
                                                      (**)",Adani Group,Wholesale Trade,19218,14272,777,202,4.04,2526,68.02,3916,41604,1.87,75588,73,22257,73,2.41,6.57,4508,255215,131.52
101,120,Chambal Fertilisers & Chemicals,K.K. Birla Group,"Fert, Agrochem",18770,16069,1566,111,8.34,109,4.81,554,4264,0.66,10741,201,6400,187,26.89,23.45,1035,15495,-8.4
102,138,"Intas Pharmaceuticals
                                                      ^",Hasmukh Chudgar,Pharma,18767,18349,2679,75,14.28,112,2.81,2255,2359,0.16,18097,149,14681,102,19.99,18.56,0,0,0
103,100,Adani Ports & Special Economic Zone,Adani Group,Infra Development,18282,15934,4728,49,25.86,2541,29.98,10492,47619,1.24,87625,63,38083,47,14,10.44,2736,160417,17.63
104,99,Zydus Lifesciences,Zydus Family Trust,Pharma,18211,15265,4487,51,24.64,127,3.8,1107,4221,0.25,23658,135,17000,93,14.85,14.43,23743,40037,-12.82
105,127,Gujarat State Petronet,Govt of Gujarat,Oil & Gas,18158,17991,1638,110,9.02,112,3.2,108,713,0.09,11443,193,7919,159,31.18,35.16,263,14956,-29.59
106,83,UCO Bank,GoI,Banking,18082,14981,965,164,5.33,8508,0,26148,237581,0,267659,28,20737,79,3.49,0.37,21617,14633,-8.18
107,86,Tata Communications,Tata Group,Telecommunication,17099,16725,1482,118,8.67,360,8.6,743,9122,9.83,13382,170,928,445,35.53,13.3,0,33558,1.69
108,95,Lupin,D.B. Gupta family,"Drugs, Pharma",16814,16405,-1528,490,0,143,65.25,1098,4158,0.34,17099,153,12153,122,0,-6.69,19453,34056,-25.59
109,98,Exide Industries,Rajan Raheja Group,Storage Batteries,16783,12789,4367,53,26.02,64,4.59,199,520,0.05,11220,194,10584,135,48.55,5.72,4229,13451,-6.33
110,102,"Bandhan Bank
                                                      ^^","Diversified
                                              *",Banking,16694,13871,126,412,0.75,5157,0,9321,116252,0,139084,50,17381,91,0.72,0.1,60211,47173,-17
111,108,ACC,"MNC
                                              (Adani Group bought Ambuja-ACC in May 2022)",Cement,16544,16152,1863,95,11.26,55,1.86,7524,126,0.01,14653,163,14309,104,13.8,18.51,6082,42178,3.47
112,89,Federal Bank,"Diversified
                                              *",Banking,16502,14382,1970,90,11.94,7959,0,21136,201265,0,226601,36,19251,84,11,0.91,12641,21121,36.46
113,119,Godrej Industries,Godrej Group,Diversified,16459,14130,654,222,3.97,623,64.94,1824,14565,2.04,27797,124,7127,173,13.52,9.61,1069,17063,-25.86
114,105,Bharat Electronics,GoI,Capital Goods,15880,15368,2399,80,15.11,9,0.26,7564,53,0,14329,166,12286,121,20.17,23.55,8853,59232,63.01
115,107,Shree Cement,H.M. Bangur,Cement,15735,15010,2332,82,14.82,216,5.83,290,2129,0.12,19806,144,17460,89,14.22,16.54,19464,84368,-21.63
116,103,Bank of Maharashtra,GoI,Banking,15674,13019,1153,142,7.36,6974,0,19916,210022,0,230796,34,12485,119,9.77,0.54,12721,12321,1.29
117,405,Info Edge (India),Sanjiv Bikhchandani%comma% Hitesh Oberoi,Online Classifieds,15399,1589,12760,21,82.86,11,2.56,368,64,0,18123,147,17241,92,22.04,24.25,4785,58540,-37.64
118,110,Piramal Enterprises,Ajay Piramal,Diversified,15373,13993,1923,92,12.51,4480,0,7185,55703,1.57,92742,60,35489,51,5.75,8.46,13561,46490,-39.53
119,142,Apollo Hospitals Enterprise,Prathap C Reddy family,Healthcare,15108,14663,1056,157,6.99,379,17.33,1036,4068,0.72,10587,204,5616,205,17.26,16.67,71113,63933,4.45
120,117,Kalpataru Power Transmission,Munot family,Capital Goods,15027,14777,540,252,3.6,522,40.3,1194,3838,0.9,9792,213,4279,241,9.67,11.21,3072,5744,17.89
121,109,Bombay Burmah Trading Corporation,Nusli Wadia,Diversified,14967,14544,63,432,0.42,252,15.71,4567,5880,1.07,12732,180,5497,212,14.74,18,3087,6812,-19.45
122,112,"Nestle India
                                                      ^^",MNC,FMCG,14892,14709,2145,89,14.4,201,6,735,266,0.13,5655,280,2084,354,104.53,55.52,0,178241,8.61
123,106,Cholamandalam Financial Holdings,Murugappa Group,NBFC,14735,14644,1023,162,6.94,4328,0,5448,69229,10.74,82857,66,6446,185,37.9,10.18,9900,12155,-8.53
124,91,"Citibank N. A.
                                                      ^^ ^",MNC,Banks,14660,11854,3727,62,25.42,2636,0,52556,183977,0,233265,33,29818,60,12.85,1.66,0,0,0
125,161,National Aluminium Company,GoI,Metals & Mining,14595,14181,2951,71,20.22,23,0.51,3706,77,0.01,13334,173,12552,117,25.41,31.63,5525,17368,-26.03
126,122,Torrent Power,Samir & Sudhir Mehta,Power,14525,14278,454,280,3.13,628,27.42,352,9143,0.92,20534,140,9943,140,8.73,12.21,7603,24770,1.87
127,114,"Ford India
                                                      ^^ ^",MNC,Auto,14449,10202,-4229,496,0,358,0,1062,2477,2.32,3665,358,1067,438,0,0,0,0,0
128,0,"Skoda Auto Volkswagen India
                                                      ^^ ^",MNC,Auto,14446,12410,208,382,1.44,131,0,931,2187,0.45,9433,218,4874,226,3.28,5.14,0,0,0
129,113,Britannia Industries,Nusli Wadia,FMCG,14434,14136,1525,114,10.56,144,6.56,185,2481,0.97,5119,295,2558,319,49.66,41.14,4467,85575,4.1
130,143,Bengal & Assam Company,JK Organisation,Non-banking Financial Services,14344,13609,628,230,4.38,449,0,339,5527,1.22,11660,191,4545,234,7.41,9.72,0,2869,47.06
131,133,Havells India,Anil Rai Gupta,Consumer Durables,14318,13938,1196,136,8.36,67,3.77,2548,438,0.07,6704,260,6003,196,21.41,26.63,5970,78741,-5.28
132,104,"Hongkong & Shanghai Banking Corporation
                                                      ^^ ^",MNC,Banking Services,14301,13130,3191,68,22.31,4371,0,50884,197584,0,247528,31,32226,57,10.43,1.34,0,0,0
133,149,Siemens,MNC,Capital Goods,14209,13639,1090,149,7.67,25,1.62,5159,4,0,11177,195,10349,139,10.99,14.03,8608,88836,31.35
134,155,"Rain Industries
                                                      (**)",Jagan Mohan Reddy,Basic Materials,13929,13228,580,242,4.17,479,20.29,1384,8489,1.39,16198,158,6109,195,11.91,11,160,6341,-23.51
135,118,KEC International,RPG Group,Capital Goods,13897,13742,332,328,2.39,413,43.13,262,3065,0.85,6699,261,3620,272,10.13,14.09,6038,11068,-5.09
136,137,Quess Corp,Fairfax%comma% Ajit Isaac,Services,13788,13692,241,364,1.75,82,14.73,512,915,0.38,3725,352,2438,325,10.5,12.33,3022,10000,-37.44
137,0,"Tata Projects
                                                      ^",Tata Group,Infrastructure,13755,13679,-620,476,0,515,0,1492,3684,1.83,5753,276,2018,362,0,-4.6,0,0,0
138,139,Jindal Saw,Savitri Devi Jindal,Iron & Steel,13741,13298,412,295,3,460,32.82,673,6031,0.82,13059,176,7364,168,5.24,8.29,0,2925,-30.15
139,166,Uflex,Ashok Chaturvedi,Packaging,13601,13127,1098,147,8.08,322,15.12,588,4787,0.71,11583,192,6696,178,17.95,16.03,6910,4357,22.15
140,123,"CESC
                                                      (#)",RP-Sanjiv Goenka Group,Power,13557,12544,1358,124,10.02,1248,41.11,3249,14961,1.44,30601,120,10396,137,13.85,10.73,6920,10759,-8.22
141,141,Tata Chemicals,Tata Group,Basic Materials,13497,12877,1258,129,9.32,303,13.2,1310,7025,0.38,27875,123,18253,88,8.7,7.94,1679,24589,26.94
142,150,"BASF India
                                                      ^^",MNC,Basic Materials,13415,13100,595,238,4.43,17,1.92,126,122,0.05,2522,403,2336,335,28.86,33.32,1327,12370,-10.59
143,0,"John Deere India
                                                      ^",MNC,Auto,13270,12678,955,167,7.19,235,15.1,726,4564,0.83,10436,206,5517,208,18.86,17.19,0,0,0
144,169,Kama Holdings,Arun Bharat Ram,Textile & Garments,13243,12503,957,166,7.23,115,0,537,3651,0.75,12564,182,4836,227,43.97,34.5,0,7081,25.1
145,121,NLC India,GoI,Power,13161,12088,1093,148,8.3,984,24.93,769,22086,1.56,43695,101,14189,106,6.06,7.37,4053,9546,25.46
146,170,APL Apollo Tubes,Rahul Gupta,Iron & Steel,13041,13063,557,249,4.27,44,4.7,376,581,0.26,3138,373,2264,341,31.27,33.42,1195,23888,30.12
147,115,"Standard Chartered Bank
                                                      ^^ ^",MNC,Banking,13034,10627,4469,52,34.29,3133,0,35543,118467,0,176178,42,32364,56,14.42,2.54,0,0,0
148,153,"Godrej & Boyce Mfg.
                                                      ^",Godrej Group,Consumer durables,13022,12523,318,334,2.44,197,24.72,541,3628,0.34,14756,161,10753,133,1.6,2.78,0,0,0
149,163,Polycab India,Jaisinghani family,Consumer durables,12858,12204,909,175,7.07,35,2.79,407,118,0.02,5734,277,5544,207,17.82,22.64,4431,36378,19.91
150,221,Tube Investments of India,Murugappa Group,Diversified,12791,12525,769,204,6.01,75,0,573,871,0.28,4642,311,3071,294,36.82,29.53,3107,36754,90.18
151,156,"Honda Cars India
                                                      ^^ ^",MNC,Auto,12760,12443,230,368,1.8,172,17.67,1673,2615,5.41,3733,350,483,467,23.08,11.17,0,0,0
152,126,Tata Consumer Products,Tata Group,FMCG,12605,12425,936,171,7.42,73,4.37,2600,1412,0.09,17988,150,15120,101,7.28,9.2,2932,70457,-5.91
153,136,Adani Transmission,Adani Group,Power,12544,11258,1205,134,9.6,2365,56.23,1493,29902,3.02,42455,103,9913,141,13.12,10.28,5105,281121,89.77
154,131,Godrej Consumer Products,Godrej Group,FMCG,12483,12277,1783,96,14.29,122,5.22,1108,1704,0.15,13370,171,11556,129,16.99,18.37,2601,86577,-14.95
155,130,Glenmark Pharmaceuticals,Saldanha family,"Drugs, Pharma",12483,12305,942,169,7.54,298,14.48,1412,3962,0.44,13553,168,9087,147,14.36,15.77,11550,12299,-20.83
156,147,Bosch,MNC,Auto Ancillaries,12453,11782,1218,131,9.78,29,1.98,1706,73,0.01,11116,197,10680,134,11.88,14.28,6041,46840,-4.87
157,162,JK Tyre & Industries,JK Organisation,Tyres & Tubes,12374,11983,210,381,1.7,419,39.05,176,5220,1.83,8924,223,2848,302,7.26,8.56,2161,3232,21.1
158,128,Muthoot Finance,Muthoot family,NBFC,12237,12185,4017,59,32.82,4268,0,10315,54569,2.9,73707,75,18786,86,23.46,13.89,26716,50095,-29.01
159,154,Mphasis,MNC,Infotech,12122,11961,1431,123,11.8,74,3.51,949,527,0.08,8302,228,6943,176,21.25,24.79,14098,50893,-39.14
160,144,Dalmia Bharat,Dalmia Bharat Group,Diversified,11542,11286,1144,145,9.91,202,8.41,160,3176,0.2,19275,146,15687,98,8.2,7.49,5652,30432,-20.08
161,164,Kalyan Jewellers India,T.S. Kalyanaraman,Gems & jewellery,11439,10818,224,371,1.96,360,42.27,777,4029,1.28,7202,248,3137,291,7.51,9.32,7803,7253,33.88
162,210,Bharat Forge,Baba Kalyani,Auto Ancillaries,11424,10461,1082,150,9.47,160,8.45,603,5972,0.91,13107,174,6571,182,15.42,11.01,4079,33229,6.6
163,159,Alkem Laboratories,Singh family,"Drugs, Pharma",11332,10634,1646,108,14.52,52,2.57,2579,2668,0.31,11856,186,8638,151,20.98,18,16966,39245,-15.32
164,180,NCC,AVS Raju & Associates,"Engg, Construction",11308,11138,482,271,4.27,478,46.7,601,1302,0.23,7282,245,5603,206,6.29,12.74,5109,4146,7.23
165,151,Dabur India,Burman family,FMCG,11290,10889,1739,98,15.4,39,1.78,570,1030,0.12,9520,217,8381,153,21.72,26.05,8562,97846,-6.44
166,176,HCC,Ajit Gulabchand,Construction,11169,10670,400,298,3.58,1030,87.88,1542,2018,0,2912,384,-785,484,37.97,23.85,1105,2138,48.14
167,160,Eicher Motors,Vikram Lal,Auto,10947,10298,1677,106,15.32,19,0.86,2722,108,0.01,13070,175,12608,114,13.94,17.8,4784,77663,51.22
168,213,Dixon Technologies,Sunil Vachani,Consumer Durables (Ancillaries),10811,10697,190,389,1.76,49,12.86,182,667,0.67,1693,457,997,442,21.95,22.24,19580,25862,-14.85
169,145,RBL Bank,"Diversified
                                              *",Banking,10796,8445,-166,461,0,4148,0,17557,90104,0,106163,56,12530,118,0,-0.16,9257,7863,-26.91
170,165,Marico,Harsh Mariwala,FMCG,10763,10549,1225,130,11.38,39,2.32,579,479,0.14,3912,342,3348,282,38.1,42.98,1657,66336,-7.15
171,224,Shyam Metalics & Energy,M.P. Agarwal,Metals,10635,10394,1725,100,16.22,23,0.89,326,543,0.09,6579,264,5835,202,36.42,42.53,3685,8107,-8.04
172,0,"Star Health & Allied Insurance
                                                      ^^","Diversified
                                              *",Financial Services,10610,10602,-1041,484,0,0,0,564,720,0.16,5351,290,4620,232,0,0,0,40825,-21.42
173,172,Aster DM Healthcare,Azad Moopen,Healthcare,10481,10253,526,255,5.02,307,20.02,380,4907,1.24,9787,214,3953,251,16.19,10.51,25806,9983,34.64
174,0,"Tata Capital
                                                      ^",Tata Group,NBFC,10362,10051,1648,107,15.91,4889,0,2136,85233,6.65,99179,59,11713,127,16.61,8.17,0,0,0
175,178,DCM Shriram,Ajay Shriram%comma% Vikram Shriram,Diversified,10348,9879,1067,154,10.31,85,4.75,1607,1577,0.29,7340,243,5502,210,21.01,23.98,5357,16043,6.74
176,223,Vardhman Textiles,Paul Oswal,Textiles & Garments,10292,9622,1547,112,15.03,100,4.39,122,1983,0.26,9862,212,7704,161,21.89,23.64,27599,11312,-14.92
177,158,Cholamandalam Investment & Finance Company,Murugappa Group,NBFC,10232,10148,2154,88,21.05,4298,0,4302,69174,5.88,80943,68,11769,124,20.21,9.34,9125,55093,20.91
178,191,Pidilite Industries,B.K. Parekh,FMCG,10214,9921,1208,133,11.82,42,2.28,355,416,0.06,7110,252,6404,186,20.12,25.66,7622,123961,9.9
179,135,NHPC,GoI,Power,10214,9219,3524,64,34.5,586,14.66,1958,26096,0.75,71088,77,34921,53,11.11,5.83,5092,32936,41.49
180,157,SIS,R. K. Sinha & Associates,Services,10117,10059,325,331,3.21,98,19.73,738,1451,0.7,3695,356,2071,359,16.71,12.39,143894,6856,-6.68
181,251,"Gokul Agro Resources
                                                      (**)",K.J. Thakkar,Food & Agri Products,9947,9714,123,413,1.24,56,25,330,305,0.65,777,495,470,468,31.9,32.01,0,1205,129.98
182,179,United Spirits,MNC,"Beer, Alcohol",9831,9712,829,191,8.43,88,6.1,60,605,0.12,5495,285,4954,223,14.59,18.56,3145,61846,-7.95
183,218,Apar Industries,Kushal Desai,Basic Materials,9694,9320,257,359,2.65,171,29.54,267,320,0.19,2051,435,1715,392,16.48,27.08,1428,3378,123.92
184,227,"National Stock Exchange Of India
                                                      ^","Diversified
                                              *",Securities Trading & Broking,9681,8929,5195,44,53.66,0,0,16323,115,0.01,20023,143,15410,100,38.44,38.85,0,0,0
185,199,Divis Laboratories,Murali K Divi,"Drugs, Pharma",9598,8960,2960,70,30.85,2,0.05,2819,4,0,11759,188,11728,126,28.16,34.96,16543,108987,-30.52
186,148,Dilip Buildcon,Dilip Suryavanshi,"Engg, Construction",9593,9566,-549,474,0,1057,147.87,583,8783,2.47,12953,178,3551,275,0,2.57,22694,4482,-63.97
187,189,Ceat,RPG Group,Tyres & Tubes,9592,9363,71,430,0.74,210,30.02,36,2229,0.68,5609,282,3273,286,2.59,6.26,7622,4766,24.33
188,239,Macrotech Developers,M.P. Lodha,Real estate,9580,9233,1202,135,12.55,688,32.26,1246,11537,0.95,24084,133,11672,128,15.26,10.37,3359,53971,-14
189,194,Nuvoco Vistas Corporation,Karsanbhai Patel,Cement,9534,9318,32,443,0.34,570,38.08,149,5575,0.63,14565,164,8821,148,0.4,4.16,2867,14027,-25.27
190,241,Hinduja Global Solutions,Hinduja Group,Infotech,9514,3264,6104,38,64.15,28,76.54,3521,308,0.04,8149,230,7808,160,125.01,2.5,21608,5291,0.13
191,190,Welspun India,B.K. Goenka,Textiles & Garments,9501,9311,601,235,6.33,131,9.66,266,3304,0.83,7758,235,3972,250,15.93,13.79,19905,9929,-45.09
192,192,Gujarat State Fertilizers & Chemicals,Govt of Gujarat,"Fert, Agro Chem",9441,9083,899,177,9.52,10,0.74,336,6,0,12153,184,11772,123,8.55,12,3145,5614,-7.56
193,188,Varun Beverages,Ravi Jaipuria,"Food, Agri Products",9343,9175,694,214,7.43,207,12.34,337,3356,0.82,7793,234,4080,246,19.62,16.57,7965,49661,71.46
194,200,Berger Paints India,Dhingra brothers,FMCG,9212,8762,833,188,9.04,51,3.81,313,1014,0.26,5041,297,3927,255,22.81,25.73,3931,65783,-21.92
195,282,Aditya Birla Fashion & Retail,Aditya Birla Group,Retail Trade,9180,8136,-109,459,0,389,34.19,121,4100,1.48,7653,239,2773,307,0,0,28541,26811,30.49
196,0,"Nirma
                                                      ^",Karsanbhai Patel,FMCG,9164,8963,354,318,3.87,319,20.72,1098,3463,0.43,11925,185,8111,156,4.49,6.43,0,0,0
197,134,"Sidbi
                                                      ^^ ^",GoI,NBFC,9139,8714,1958,91,21.42,5702,0,17918,216591,0,247379,32,24583,69,8.54,0.89,0,0,0
198,195,Amara Raja Batteries,R.N. Galla,Storage Batteries,9097,8697,513,261,5.63,15,1.47,54,126,0.03,4850,304,4552,233,11.7,15.18,9911,9443,-26.38
199,152,Indiabulls Housing Finance,"Diversified
                                              *",NBFC,8994,8988,1178,140,13.09,6242,0,9653,61359,3.68,78033,71,16674,95,7.18,9.57,4603,7414,-40.94
200,230,Balkrishna Industries,Arvind Poddar,Tyres & Tubes,8991,8295,1435,121,15.97,9,0.47,52,2529,0.36,9520,216,6933,177,22.2,24.02,3229,41459,-20.86
201,225,PDS,D.K. Seth,Textiles,8976,8828,248,362,2.77,39,11.82,665,740,0.85,1694,456,872,450,38.55,24.49,144,4284,9.14
202,181,"Gemini Edibles & Fats India
                                                      (**) ^^ ^",MNC,Food & Agri Products,8933,8453,757,207,8.48,49,4.92,1215,755,0.35,2888,387,2133,349,40.32,40.2,0,0,0
203,257,Gujarat Narmada Valley Fertilizers & Chemicals,Govt of Gujarat,Fertilisers & agrochem,8833,8642,1710,102,19.36,3,0.15,1182,2,0,8945,221,7990,158,24.24,28.8,2401,9721,44.58
204,168,Jammu and Kashmir Bank,Diversified,Banking,8803,8013,495,268,5.62,4101,0,8792,117074,0,130576,52,7127,172,7.79,0.39,12977,3159,-2.94
205,428,"LifeStyle International
                                                      ^^ ^",Micky Jagtiani,Retail,8775,7806,269,352,3.07,443,34.23,36,0,0,5283,291,1358,415,22.01,16.01,0,0,0
206,198,JSW Energy,Savitri Devi Jindal,Power,8744,8167,1729,99,19.77,777,21.77,1134,8943,0.51,26968,126,17415,90,10.92,11.92,1603,49000,-0.23
207,187,Biocon,Kiran Mazumdar-Shaw,"Drugs, Pharma",8653,8184,648,224,7.49,68,4.09,1748,5147,0.61,17440,152,8432,152,10.58,7.38,3203,40329,-22.52
208,232,Mahindra CIE Automotive,MNC,Auto Ancillaries,8648,8387,393,303,4.54,53,5.3,160,1282,0.25,7069,255,5197,218,7.78,10.06,0,8853,10.22
209,177,Torrent Pharmaceuticals,Samir & Sudhir Mehta,"Drugs, Pharma",8631,8508,777,201,9,255,13.1,403,4070,0.68,10401,207,5953,198,18.26,18.2,12923,49426,16.62
210,269,Arvind,Sanjay Lalbhai,Textiles & Garments,8606,8034,238,365,2.77,197,24.76,77,1865,0.63,4967,301,2951,299,8.52,11.65,25460,2915,-34.63
211,182,G R Infraprojects,VK Agarwal & Associates,Construction,8531,8458,832,189,9.75,420,24.23,1095,5282,1.1,10093,209,4811,228,18.93,16.33,17735,14393,-38.07
212,212,Uno Minda,Nirmal Minda,Auto Ancillaries,8457,8313,356,317,4.21,62,7.04,234,944,0.27,4885,303,3438,277,12.2,13.58,5766,28738,38.81
213,0,"Mankind Pharma
                                                      ^",Juneja brothers,Pharma,8442,7782,1433,122,16.98,60,3,406,873,0.14,7290,244,6155,193,26.72,33.43,0,0,0
214,184,"Deutsche Bank
                                                      ^^ ^",MNC,Banking,8382,6836,1474,119,17.58,2380,0,21246,112221,0,147955,45,20845,77,7.33,1.06,0,0,0
215,171,"Export-Import Bank of India
                                                      ^^ ^",GoI,Banking,8363,7976,738,210,8.82,4889,0,3273,107477,0,136742,51,19301,83,3.97,0.54,0,0,0
216,235,Jain Irrigation Systems,Bhavarlal Jain family,Capital Goods,8327,7580,325,332,3.9,558,79.2,391,6733,1.85,10636,202,3656,269,-5.06,3.8,6654,2300,-20.17
217,193,Voltas,Tata Group,Diversified,8302,7934,504,265,6.07,26,4.53,572,373,0.07,6039,272,5500,211,9.64,12.72,2576,36407,-29.28
218,0,Paradeep Phosphates,K.K. Birla Group,Fertilisers & Agrochem,8292,7859,398,300,4.81,86,12.75,598,2954,1.33,5209,294,2225,345,19.66,14.94,930,4242,35.04
219,219,Supreme Industries,Taparia family,Plastic Products,8209,7773,968,163,11.8,5,0.41,526,46,0.01,3918,341,3844,262,27.62,34.59,5228,25717,-5.18
220,206,J K Cements,JK Group,Cement,8157,7991,687,216,8.42,270,18.2,325,4115,0.95,8934,222,4325,240,16.85,15.29,3941,21401,-19.65
221,261,Indraprastha Gas,GoI,Oil & Gas,8116,7710,1502,115,18.51,25,1.31,1362,108,0.01,7737,236,7586,166,21.58,27.81,0,28297,-9.13
222,183,"Punjab & Sind Bank
                                                      ^^",GoI,Banking,8055,7096,1039,161,12.9,4445,0,6288,104581,0,121158,54,13091,112,10.12,0.9,8735,8876,-6.61
223,204,Concor,GoI,Logistics,8041,7770,1055,158,13.12,63,3.6,2918,731,0.07,11695,189,10756,132,10.05,12.86,0,40031,21.51
224,238,Deepak Fertilizers,C.K. Mehta,Fertilisers & agrochem,7886,7663,678,217,8.6,155,11.42,289,2656,0.68,6783,257,3884,258,20.87,19.34,942,7689,138.83
225,202,NBCC (India),GoI,"Engg, Construction",7875,7691,224,370,2.85,9,8.51,5647,0,0,2382,413,1768,383,17.16,18.51,1367,6779,-26.98
226,254,Ircon International,GoI,Engineering & Construction,7811,7380,592,239,7.58,69,11.73,5513,1399,0.3,6816,256,4666,231,13.06,12.31,0,3938,-1.59
227,247,Surya Roshni,J.P. Agarwal,Diversified,7776,7731,205,384,2.64,64,14.37,1,593,0.38,2216,424,1548,402,14.06,15.51,3357,2532,-34.73
228,0,"Jayaswal Neco Inds.
                                                      ^^",Arbind Jayaswal,Metals,7765,5959,2247,85,28.94,459,35.3,485,3845,2.1,5679,278,1833,379,75.9,22.79,4119,2434,-22.15
229,175,Reliance Power,Anil Ambani,Power,7695,7503,-606,475,0,2349,86.32,645,23114,1.85,39278,109,12463,120,0,0,8093,4859,14.86
230,207,Endurance Technologies,Anurang Jain,Auto Ancillaries,7685,7549,461,277,6,6,0.68,403,430,0.11,4419,319,3920,257,12.31,13.61,3588,20190,-26.34
231,0,Alok Industries,Mukesh Ambani & JM Financial,Textiles & Garments,7632,7310,-209,465,0,476,84.43,59,24102,0,6476,265,-17907,497,0,0,26231,11357,-32.29
232,173,"South Indian Bank
                                                      ^^","Diversified
                                              *",Banking,7620,6587,45,436,0.59,4347,0,11203,92436,0,100191,57,5854,201,0.76,0.05,9219,1802,44.67
233,205,Birla Corporation,M.P. Birla Group,Cement,7588,7461,399,299,5.25,243,22.65,138,4326,0.72,11167,196,5103,221,8.16,7.86,0,8650,-37.72
234,237,Kansai Nerolac Paints,MNC,FMCG,7532,7214,359,315,4.76,29,4.4,106,203,0.05,4469,316,4132,244,8.38,11.54,3105,26286,-11.7
235,201,Escorts Kubota,MNC,Auto,7523,7238,736,211,9.79,15,1.62,272,52,0.01,7726,237,7600,164,11.65,15.6,3823,23163,32.69
236,208,Jaiprakash Associates,Jaiprakash Gaur,Diversified,7453,7034,-1478,489,0,1069,0,481,19097,225.57,26817,128,85,479,0,0,5893,2253,11.58
237,140,Edelweiss Financial Services,Rashesh Shah & Associates,Securities Trading,7401,7243,189,390,2.55,2984,0,3039,22711,3.47,30303,121,6537,183,3.23,10,0,5855,-23.27
238,236,PNC Infratech,P.K. Jain,Engineering & Construction,7297,7208,580,241,7.95,425,27.75,747,4793,1.32,9376,220,3628,271,17.37,13.86,8796,6857,-20.68
239,287,Aarti Industries,Chandrakant Gogri,Basic Materials,7262,7000,1307,127,18,114,5.93,257,2594,0.44,8733,224,5914,199,27.77,21.45,0,31277,-18.65
240,233,"ABB India
                                                      ^^",MNC,Capital Goods,7248,6934,520,258,7.17,19,3.39,2688,37,0.01,4137,330,4045,248,11.3,15.64,4075,51911,46.77
241,222,"Hexaware Technologies
                                                      ^",MNC,Infotech,7245,7178,749,209,10.34,37,3.29,1201,50,0.01,4270,324,3788,265,21.32,23.75,17569,0,0
242,185,Karnataka Bank,"Diversified
                                              *",Banking,7176,6222,508,263,7.08,3731,0,4437,82701,0,92130,61,6635,179,7.93,0.57,8520,2127,45.91
243,229,"Barclays Global Service Centre
                                                      ^^ ^",MNC,IT services,7128,7052,591,240,8.29,149,12.05,630,950,1.37,2821,389,693,458,69.61,32.52,0,0,0
244,268,Polyplex Corporation,Sanjiv Saraf,Packaging,7113,6624,569,245,8,17,1.26,906,946,0.29,6289,268,3316,284,30.29,28.9,0,6596,3.99
245,286,Trident,Rajinder Gupta,Textiles & Garments,7107,6998,834,187,11.73,86,5.7,292,1597,0.42,5445,286,3845,261,23.25,23.27,14998,23747,-10.59
246,228,Shriram City Union Finance,Shriram Group,NBFC,7077,7073,1152,143,16.27,2829,0,6842,34541,3.72,43992,100,9278,144,13.19,10.87,27997,11921,-13.94
247,249,"India Yamaha Motor
                                                      ^",MNC,Auto,7061,6884,38,442,0.54,33,7.67,14,500,0.24,2716,394,2073,358,1.62,6.18,0,0,0
248,0,Delhivery,Diversified,7041,83.45,88.74,482,0,100,0,229,1102,0.18,7097,254,78.52,197,0,0,0,0,-35.91,
249,231,IIFL Finance,Nirmal Jain & Associates,Diversified financial services,7006,6970,1188,138,16.95,3016,0,8157,36086,5.58,42556,102,6464,184,20.05,11.31,15306,12398,24.53
250,196,Hudco,GoI,NBFC,6998,6986,1716,101,24.53,4533,0,644,61503,4.25,75970,72,14467,103,12.41,9.16,703,7473,-7.67
251,295,Deepak Nitrite,C.K. Mehta,Basic Materials,6941,6802,1067,155,15.37,36,2.26,42,315,0.09,3675,357,3338,283,37.52,44.37,1601,29051,0.84
252,215,"AU Small Finance Bank
                                                      ^^",Sanjay Agarwal,Small finance bank,6915,5922,1130,146,16.34,2688,0,5929,58575,0,69078,79,7514,167,16.39,1.87,27817,39283,-2.25
253,245,"Culver Max Entertainment
                                                      ^",MNC,Media & Entertainment,6868,6746,938,170,13.65,20,1.48,2913,0,0,7686,238,7224,170,13.89,17.79,0,0,0
254,197,Prestige Estates Projects,Irfan Razack,Real Estate,6843,6390,1150,144,16.81,555,36.61,2171,7250,0.78,17098,154,9095,146,6.55,8.44,1124,18180,1.66
255,242,RPSG Ventures (#),RP-Sanjiv Goenka Group,IT services,6792,6670,131,408,1.93,209,23.65,232,2807,1.11,10865,199,2524,321,14.46,10.85,0,1615,-37.33
256,373,Raymond,Gautam Singhania,6684,113.02,79.27,357,0,228,50.73,336,2327,0.99,4924,302,3.41,332,16.53,12.73,6270,147,157.71,
257,280,Cummins India,MNC,Capital Goods,6676,6171,934,172,13.99,12,1.37,1427,418,0.08,5674,279,5145,220,16.61,20.31,3644,29164,50.23
258,226,Welspun Corp,B.K. Goenka,Iron & Steel,6603,6505,439,285,6.65,102,21.87,701,1655,0.34,6733,259,4428,237,4.95,6.59,1452,5169,72.6
259,272,Team Lease Services,Sabharwal%comma% Reddy,Recruitment Consulting,6504,6480,38,441,0.59,4,6,293,60,0.09,884,491,693,459,15.16,14.43,1138,6301,-38.94
260,262,Ashoka Buildcon,Parakh%comma% Katariya families,"Engg, Construction",6484,5946,779,200,12.01,1004,57.82,729,3633,2.63,12637,181,1381,414,43.4,13.87,2030,2437,-28.58
261,283,Coforge,MNC,Infotech,6484,6432,662,221,10.21,65,5.9,454,490,0.18,3758,348,2733,309,27.49,29.28,20598,26054,-24.13
262,252,Prism Johnson,Rajan Raheja Group,Cement,6457,6306,92,422,1.42,193,36.32,374,1741,1.32,3966,339,1323,419,2.91,7.1,5195,6158,0.82
263,307,Suzlon Energy,Tulsi Tanti,Capital Goods,6447,6582,-200,464,0,735,82.58,500,4242,0,3056,377,-3526,493,0,0,1592,8361,22.19
264,186,Whirlpool of India,MNC,Consumer Durables,6443,6197,566,246,8.79,16,3.82,1616,134,0.04,3897,344,3358,280,9.25,9.87,2668,21975,-25.34
265,274,Thermax,Anu Aga,Capital Goods,6398,6128,312,338,4.88,25,5.97,954,368,0.11,3998,334,3492,276,9.26,11.27,3758,23837,62.12
266,301,Jindal Poly Films,Bhavesh Jindal,Packaging,6358,5878,1196,137,18.81,32,2.24,120,1203,0.31,5634,281,3833,263,36.95,34.57,1740,4546,-10.12
267,209,"Karur Vysya Bank
                                                      ^^","Diversified
                                              *",Banking,6357,5588,673,218,10.59,2872,0,4926,70015,0,80149,69,7596,165,9.25,0.87,6761,4436,121.65
268,250,IRB Infrastructure Developers,Virendra Mhaiskar,Infra Development,6355,5804,361,314,5.69,1894,73.56,1744,16697,1.33,40818,105,12566,115,3.71,6.19,0,12949,-0.97
269,303,Fortis Healthcare,MNC,Healthcare,6344,5931,555,250,8.75,147,13.74,413,1255,0.2,10456,205,6178,191,7.45,7.75,2861,20195,14.4
270,240,"Hatsun Agro Product
                                                      ^^",R. G. Chandramogan,FMCG,6329,6370,218,374,3.44,107,15.43,40,1939,1.75,3067,375,1109,432,20.46,13.64,5541,23320,-31.04
271,214,Shree Renuka Sugars,MNC,Sugar,6278,6433,-139,460,0,393,99.92,76,5234,0,4683,309,-1775,490,0,0,1962,9110,110.69
272,267,Sterlite Technologies,Anil Agarwal,Capital Goods,6223,5754,62,433,1,241,45.13,530,3476,1.78,5585,283,1957,368,2.93,5.45,2691,7967,-39.58
273,217,Jubilant Pharmova,Jubilant Bhartia Group,Pharma,6204,6130,414,293,6.67,145,12.69,984,3192,0.6,8612,226,5319,216,8.21,9.52,3627,6953,-38.99
274,0,PNB Housing Finance,GoI,NBFC,6201,6196,836,186,13.49,4065,0,5216,53005,5.37,62877,81,9872,142,8.9,7.85,1425,6869,-9.74
275,288,JSW Ispat Special Products,Savitri Devi Jindal,Metals,6180,6061,1,451,0.02,271,57.38,139,2699,1.94,4148,329,867,452,0.03,2.14,2076,1440,-0.69
276,285,Mazagon Dock Shipbuilders,GoI,6144,32.92,41.64,232,18.87,15,3.49,11480,12,0,4593,313,5.45,259,15.45,17.08,1013,359,152.24,
277,234,DLF,K.P. Singh family,Real Estate,6138,5717,1501,116,24.45,625,41.14,932,4182,0.12,41741,104,36362,48,2.78,4.7,223,91431,-4.98
278,300,Blue Star,Ashok Advani,Consumer Durables,6133,6046,168,398,2.73,46,13.39,270,554,0.54,1604,463,1018,441,17.66,19.72,2533,9961,25.69
279,216,Ma0puram Finance,V.P. Nandakumar,NBFC,6126,6061,1328,125,21.68,2011,0,2697,24816,2.97,33201,118,8368,154,16.95,11.89,26970,10487,-44.24
280,309,KEI Industries,Anil Gupta,Basic Materials,6067,5727,376,311,6.2,40,6.86,360,355,0.17,2500,404,2136,348,19.24,23.74,1685,11000,71.54
281,0,"Sterlite Power Transmission
                                                      ^",Anil Agarwal,Power Services,6065,5197,440,284,7.26,426,153.39,1350,2198,1.29,4428,318,1691,394,-7.22,7.2,0,0,0
282,220,"Emcure Pharmaceuticals
                                                      ^",Satish & Sunil Mehta,Drugs & Pharmaceuticals,6064,5855,703,213,11.59,176,13.23,308,2077,1.05,4416,320,1988,366,32.98,25.08,0,0,0
283,342,"IVL Dhunseri Petrochem Industries
                                                      ^^ ^",Indorama%comma% Dhunseri,Chemicals,6054,5933,328,329,5.42,36,6.6,69,371,0.31,1564,465,1181,426,29.19,33.95,0,0,0
284,258,The Ramco Cements,P.R. Venketrama Raja,Cement,6038,6004,881,180,14.6,113,8.76,178,3950,0.6,10626,203,6619,180,14.46,9.4,3326,18863,-32.27
285,244,Ipca Laboratories,Premchand Godha,"Drugs, Pharma",6026,5830,884,179,14.67,11,0.85,641,807,0.15,6421,267,5492,213,17.87,20.21,15155,24770,-14.64
286,0,Chemplast Sanmar,Sanmar Holdings,Basic Materials,5966,5892,649,223,10.87,322,26.87,1229,882,0.52,2677,396,106,477,-73.73,157.49,1074,8178,-42.48
287,129,Varroc Engineering,Tarang Jain & Others,Auto Ancillaries,5932,5844,-1110,485,0,118,0,118,1625,0.82,3714,355,1989,365,0,0,3356,5289,6.1
288,325,"Schaeffler India
                                                      ^^",MNC,Auto Ancillaries,5866,5561,629,229,10.72,5,0.5,1416,61,0.02,3718,354,3654,270,18.52,24.47,0,35051,84.93
289,299,Persistent Systems,Anand Deshpande,Infotech,5855,5711,690,215,11.79,12,1.24,914,578,0.17,4180,326,3368,279,22.4,26.38,15422,29955,-8.05
290,297,United Breweries,MNC,"Beer, Alcohol",5845,5838,365,313,6.25,15,2.12,910,10,0,3978,338,3935,252,9.74,13,2837,41588,-0.55
291,211,Bajaj Hindusthan Sugar,Shishir Bajaj,Sugar,5817,5576,-268,469,0,254,153.73,52,4817,2.13,7187,249,2259,342,0,0,7617,1752,-23.53
292,0,"Motherson Sumi Wiring India
                                                      ^^",Vivek Chaand Sehgal,Auto Ancillaries,5764,5635,411,296,7.13,29,4.29,293,283,0.25,1440,475,1115,431,82,57,2871,23717,41.31
293,350,Electrosteel Castings,P.K. Khaitan,Iron & Steel,5724,5281,347,322,6.07,195,27.9,519,2967,0.72,7210,247,4103,245,8.9,9.67,2879,2064,22.12
294,253,ISGEC Heavy Engineering,Ranjit Puri,Capital Goods,5711,5499,109,416,1.91,88,26.3,136,1233,0.58,3742,349,2121,351,5.55,7.05,2826,3969,-25.35
295,304,Sonata Software,Rajan Raheja Group,Infotech,5655,5553,376,310,6.66,18,3.89,770,159,0.15,1333,480,1099,434,37.56,42.26,5158,7883,-16.2
296,308,Godawari Power & Ispat,B.L. Agrawal,Iron & Steel,5655,5399,1467,120,25.93,20,1.06,575,428,0.13,3910,343,3312,285,54.87,57.58,2721,4313,-21.25
297,343,Adani Green Energy,Adani Group,Power,5642,5133,489,269,8.67,2617,74.56,1593,52832,20.21,56970,88,2614,314,14.87,7.3,2355,311040,79.41
298,278,PI Industries,Mayank Singhal,"Fert, Agrochem",5606,5300,844,183,15.05,20,1.74,1410,316,0.05,6474,266,6120,194,14.72,17.22,3079,43322,8.36
299,281,JK Lakshmi Cement,JK Organisation,Cement,5533,5420,464,276,8.38,142,15.39,573,1887,0.75,4762,307,2505,323,20.77,17.23,1680,5944,-9.07
300,279,Zee Entertainment Enterprises,Essel Group,Media,5484,8189,965,165,17.59,45,2.85,1273,76,0.01,11043,198,10863,131,9.12,13.45,3182,26020,-14.7
301,284,Black Box,Essar Group,IT Services,5469,5370,73,428,1.33,74,31.24,311,481,1.85,872,492,260,474,17.96,16.46,405,2630,-18.63
302,271,Crompton Greaves Consumer Electricals,"Diversified
                                              *",Consumer durables,5426,5394,578,243,10.66,35,4.67,915,1686,0.69,5031,298,2453,324,26.38,23.11,2010,24934,-25.37
303,264,LT Foods,Gurucharan Dass Arora,"Food, Agri Products",5402,5427,292,343,5.41,69,11.61,39,1320,0.66,3482,362,1998,363,16.48,14.76,888,2672,88.11
304,246,Alembic Pharmaceuticals,Chirayu Amin,"Drugs, Pharma",5399,5306,521,257,9.65,18,2.03,69,717,0.14,6050,271,5238,217,10.01,10.82,12216,14175,-28.32
305,317,Atul,Sunil Lalbhai,Basic Materials,5372,5081,604,234,11.25,9,1.01,69,144,0.03,4642,312,4429,236,14.65,19.03,3034,26492,-7.05
306,382,Paul Merchants,Sat?Paul?Bansal,NBFC,5369,5367,40,439,0.75,11,0,24,132,0.28,601,497,467,469,8.99,11.74,0,139,-16.62
307,265,Oracle Financial Services Software,MNC,Infotech,5356,5221,1889,93,35.27,12,0.49,5122,83,0.01,7597,241,7100,174,27.08,34.28,6805,30153,-30
308,330,"Brakes India
                                                      ^",TVS-S. Viji,Auto Ancillaries,5301,5144,391,304,7.37,9,1.56,67,0,0,3774,347,3556,274,10.29,12.1,0,0,0
309,260,Sterling & Wilson Renewable Energy,Shapoorji Pallonji Group,Power - Renewables,5294,5199,-909,479,0,87,0,504,446,0.49,1378,479,917,446,0,0,1067,6231,-35.04
310,296,Shirpur Gold Refinery,Essel Group,Metals & Mining,5276,5270,-96,458,0,45,0,24,514,0,401,498,-115,483,0,0,0,0,0
311,0,One 97 Communications,"Diversified
                                              *",New Age Tech,5262,4972,-2393,494,0,42,0,5202,222,0.02,14698,162,14152,107,0,0,17964,53849,-59.2
312,351,"CNH Industrial (India)
                                                      ^",MNC,Auto,5246,4899,368,312,7.02,101,18.76,1163,1494,0.41,5242,292,3681,268,9.42,10.87,0,0,0
313,354,K P R Mill,K.P. Ramasamy family,Textiles,5217,4833,842,184,16.14,23,1.91,128,1185,0.37,4404,321,3187,289,30.41,31.41,20536,20394,18.58
314,263,Laurus Labs,Satyanarayana Chava,Drugs & Pharmaceuticals,5172,4936,828,192,16,102,7.2,76,1777,0.53,5359,289,3351,281,27.99,24.59,0,28511,-7.96
315,316,Shipping Corporation of India,GoI,Shipping,5170,4995,865,182,16.73,161,10.52,1407,3200,0.35,12367,183,9097,145,9.9,8.73,540,5645,-1.57
316,256,Sundaram Finance,TVS-S. Viji,NBFC,5146,5111,1173,141,22.8,2236,0,715,36362,4.13,47450,97,8795,149,12.91,8.18,4263,23258,-3.13
317,407,Forbes & Company,Shapoorji Pallonji Group,Diversified,5142,515,4226,55,82.19,42,0,22,288,3.33,388,499,83,480,0,0,571,2560,80.59
318,336,Jaiprakash Power Ventures,Jaiprakash Gaur,Power,5139,4625,107,417,2.09,556,49.98,393,5050,0.49,15797,160,10389,138,0.78,4.5,1733,4866,63.01
319,306,Avanti Feeds,Indra Kumar Alluri,"Food, Agri Products",5128,5036,222,372,4.32,4,1.29,75,4,0,2166,429,1895,376,13.41,17.73,1162,6654,-18.48
320,0,Jubilant Ingrevia,Jubilant Bhartia Group,Chemicals,5126,4949,477,272,9.3,31,3.72,49,238,0.1,2739,391,2433,326,21.89,27.99,0,8296,-21.87
321,275,"Colgate-Palmolive (India)
                                                      ^^",MNC,FMCG,5123,5100,1078,151,21.05,6,0.38,755,83,0.05,1833,450,1735,388,74.35,90.6,2363,41603,9.35
322,413,Trent,Tata Group,Retail Trade,5117,4498,106,418,2.07,325,57.34,86,4725,2,7175,250,2364,329,1.55,7.15,9080,42392,49.52
323,344,"Hitachi Energy India
                                                      ^^",MNC,Engineering,5114,4884,203,385,3.98,53,16.39,86,190,0.17,1326,481,1132,429,13.94,20.54,2267,13283,45.85
324,339,Finolex Industries,Chhabria family,Plastic Products,5073,4647,1051,159,20.72,14,1.38,81,278,0.07,4289,323,3928,254,21.6,26.51,1379,10100,-38.07
325,366,"Supreme Petrochem
                                                      ^^",Rajan Raheja Group,Basic Materials,5055,5032,663,220,13.12,7,0.81,447,37,0.02,1560,467,1516,405,51.41,66.99,382,12367,19.49
326,328,Sundram Fasteners,TVS-Suresh Krishna,Auto Ancillaries,5052,4902,457,279,9.04,29,3.58,71,772,0.29,3429,364,2621,313,18.59,20.03,0,17516,12.02
327,480,Zomato,"Diversified
                                              *",5038,136.6,110.27,487,0,12,0,1576,70,0,16635,157,102.73,96,0,0,3517,214,-52.38,
328,203,GMR Airports Infrastructure,G.M. Rao family,Infrastructure,5025,4601,-1023,483,0,2019,151.18,3116,26633,0,32777,119,-818,485,0,0,0,23128,-11.47
329,291,"Abbott India
                                                      ^^",MNC,"Drugs, Pharma",5019,4919,799,198,15.91,19,1.76,2749,152,0.05,3064,376,2820,304,29.46,37.2,3597,38642,-2.31
330,289,"Bayer CropScience
                                                      ^^",MNC,"Fert, Agrochem",4992,4734,645,226,12.93,13,1.59,787,86,0.03,2728,392,2524,320,25.43,31.79,1318,21997,-3.89
331,370,"Daikin Airconditioning India
                                                      ^",MNC,Consumer durables,4978,4834,231,367,4.64,30,6.59,848,41,0.02,2194,426,1920,371,12.81,17.1,0,0,0
332,363,Mukand,Niraj Bajaj,Iron & Steel,4964,4637,177,393,3.57,161,63.81,209,2026,3.22,2694,395,624,461,14.48,8.49,3488,1725,-16.47
333,292,India Cements,N Srinivasan,Cement,4911,4858,78,426,1.6,198,40.82,46,3091,0.52,9930,210,5504,209,1.2,3.11,0,6339,17.6
334,270,Bajaj Electricals,Bajaj Group,Consumer Durables,4864,4813,129,411,2.64,70,29.44,143,91,0.05,1883,447,1732,390,7.52,11.42,2661,12828,7.13
335,276,"City Union Bank
                                                      ^^","Diversified
                                              *",Banking,4864,4105,760,205,15.63,2188,0,6687,53001,0,61531,84,6586,181,12.23,1.32,5367,10994,11.77
336,293,HFCL,Mahendra Nahata,Telecommunication,4851,4727,313,336,6.46,166,25.85,528,756,0.27,3610,359,2798,306,13.82,18.77,3428,10008,12.77
337,273,Balrampur Chini Mills,Vivek Saraogi,Sugar,4697,4846,465,274,9.89,31,4.42,3,1211,0.44,3992,335,2770,308,17.24,16.01,6350,7923,-2.89
338,395,Jai Balaji Industries,Aditya Jajodia,Iron & Steel,4689,4644,48,435,1.02,99,47.4,22,3169,0,1506,470,-1663,489,-11.09,5.12,0,558,-19.25
339,353,Glaxosmithkline Pharmaceuticals,MNC,Drugs & Pharmaceuticals,4685,3278,1695,105,36.17,2,0.27,2485,0,0.01,2935,381,2663,312,17.87,32.77,3840,26332,-8.8
340,302,Cyient,BVR Mohan Reddy & Associates,Infotech,4664,4534,522,256,11.2,39,4.81,1267,573,0.18,3888,345,3117,292,17.2,19.43,12780,9727,-28.03
341,305,"Tamilnad Mercantile Bank
                                                      ^^","Diversified
                                              *",Banking,4656,3834,822,193,17.65,2019,0,3852,44933,0,52858,92,5336,214,16.58,1.64,4457,7687,-1.06
342,290,Triveni Engineering,Dhruv Sawhney,FMCG,4654,4291,424,289,9.11,55,8.69,28,1575,0.82,3527,360,1913,374,24.45,20.48,4180,6286,31.57
343,321,Gland Pharma,MNC,Drugs & Pharmaceuticals,4588,4401,1212,132,26.41,5,0.35,3093,5,0,7164,251,7158,171,18.55,24.84,4639,49026,-51.5
344,371,Astral,Sandeep Engineer,Plastics,4562,4394,484,270,10.6,13,1.71,642,98,0.04,2464,406,2335,336,23.19,29.98,1982,41097,-9.26
345,312,"Wonder Cement
                                                      ^",Ashok Patni,Cement,4547,4518,259,358,5.7,152,17.62,263,2105,1.1,4173,327,1913,373,14.54,13.23,0,0,0
346,0,GMR Power & Urban Infra,G.M. Rao family,Infrastructure,4543,4102,-648,477,0,1354,273.38,540,10413,0,8656,225,-2164,491,0,0,0,1610,-42.99
347,0,Fertilizers & Chemicals Travancore,GoI,Fertilisers & Agrochem,4536,4425,353,319,7.79,244,48.19,1876,1838,9.7,2239,423,189,475,60.1,24.79,1656,7765,-1.05
348,0,"Sagar Diamonds
                                                      (**) ^^",Vaibhav Shah,Gems and jewellery,4526,4271,29,444,0.64,1,0,13,2,0.03,92,500,90,478,38.53,45.3,0,57,8.2
349,411,"PCBL
                                                      (#)",RP-Sanjiv Goenka Group,Auto Ancillaries,4510,4446,426,288,9.45,29,4.46,159,786,0.3,3417,366,2614,315,18.74,18.45,1135,4388,18.94
350,0,Electronics Mart India,Pavan Kumar Bajaj,Retail,4486,4349,104,419,2.32,85,28.98,34,1143,1.92,1741,454,597,463,19.09,14.01,0,3495,6.45
351,441,Maharashtra Seamless,D.P. Jindal,Iron & Steel,4464,4200,380,307,8.52,51,8.7,49,709,0.19,4442,317,3693,267,11.56,12.79,1431,4164,53.17
352,357,Blue Dart Express,MNC,Transport Logistics,4441,4410,382,305,8.61,87,9.02,184,1066,1.22,1957,441,872,451,52.22,29.29,12288,17358,9.32
353,352,Jubilant Foodworks,Jubilant Bhartia Group,"Food, Agri Products",4441,4396,420,291,9.47,176,16.14,563,2106,1.08,4062,333,1945,369,24.8,20.83,29346,40238,-18.33
354,359,"Venkys (India)
                                                      ^^",Desai%comma% Rao families,"Food, Agri Products",4419,4400,165,400,3.73,18,7.19,156,199,0.16,1464,473,1249,423,14,17.61,5305,3132,-27.95
355,341,IFB Industries,Bijon Nag,Consumer Durables,4401,4316,-48,454,0,35,59.45,93,363,0.56,1096,486,648,460,0,-3.59,2640,4057,-23.52
356,315,Bajaj Holdings & Investment,Bajaj Group,NBFC,4382,484,4056,58,92.55,3,0,33,114,0,51694,93,42842,43,10.31,10.54,0,59662,42.92
357,324,Zensar Technologies,RPG Group,Infotech,4382,4244,416,292,9.5,35,5.38,856,335,0.12,3142,372,2687,310,16.77,20.64,8860,7568,-51.24
358,384,JK Paper,JK Organisation,Paper,4364,4244,543,251,12.43,132,13.22,22,3079,1.01,6282,269,2996,298,19.73,15.85,2778,5155,85.47
359,332,Motilal Oswal Financial Services,Motilal Oswal%comma% Raamdeo Agrawal,Securities Trading,4320,4298,1310,126,30.32,478,0,5315,6152,1.08,11853,187,5674,204,25.86,19.05,6951,12437,-24.38
360,470,Indo Rama Synthetics (India),O.P. Lohia,Textiles & Garments,4257,4204,269,351,6.32,62,20.36,12,354,0.59,991,490,600,462,34.33,23.6,1462,1686,20.25
361,377,"Castrol India
                                                      ^^",MNC,"Lube Oils, Lubricants",4253,4192,758,206,17.83,2,0.23,1300,0,0,1670,459,1646,396,49.55,66.21,631,11379,-6.45
362,414,Century Textiles & Industries,B.K. Birla Group,Diversified,4240,4131,167,399,3.93,52,11.74,114,1336,0.36,5833,274,3719,266,4.48,4.83,4370,9312,4.67
363,378,Amber Enterprises India,Jasbir Singh,Consumer Durables,4235,4206,109,415,2.58,48,17.28,563,1069,0.62,2892,386,1734,389,6.67,8.3,1363,9858,-34.19
364,365,"Tamil Nadu Newsprint & Papers
                                                      ^^",Govt of Tamil Nadu,Paper,4205,4357,14,448,0.34,156,43.65,14,2239,1.41,3990,336,1589,398,0.9,4.22,2371,1245,104.56
365,481,Kirloskar Industries,Kirloskar Group,NBFC,4203,3810,194,387,4.61,31,0,344,1157,0.5,5222,293,2329,337,15.52,21.65,0,1475,11.49
366,338,Birlasoft,C.K. Birla Group,Infotech,4197,4130,464,275,11.05,13,2.03,383,123,0.05,2755,390,2583,318,19.47,24.48,10122,11146,-33.44
367,334,BEML,GoI,Capital Goods,4192,4337,129,410,3.07,65,19.91,34,832,0.35,4505,315,2357,334,5.63,6.02,5573,6630,23.01
368,0,FSN E-Commerce Ventures,Nayar family,New Age Tech,4163,3774,41,438,0.99,47,28.83,267,593,0.44,2068,433,1340,417,4.16,6.2,2764,75981,-47.54
369,294,KRBL,Anil Mittal,FMCG,4154,4211,459,278,11.06,13,2.02,391,145,0.04,4226,325,4070,247,11.84,15.2,2321,6077,42.15
370,277,"Gujarat Ambuja Exports
                                                      (**)",Manish Kumar Gupta,"Food, Agri Products",4129,4163,475,273,11.51,6,0.83,18,281,0.13,2418,409,2118,352,25.19,30.28,2621,5705,47.93
371,445,Wheels India,TVS-S. Viji,Auto Ancillaries,4125,3966,76,427,1.85,71,28.08,4,876,1.19,1634,460,734,457,10.64,11.35,2221,1548,-11.13
372,391,Gujarat Fluorochemicals,Vivek Jain,Basic Materials,4123,3954,787,199,19.09,78,6.71,153,1556,0.37,5831,275,4255,242,20.03,20.46,2830,31848,99.66
373,381,AIA Engineering,Bhadresh Shah,Iron & Steel,4094,3567,620,231,15.14,9,1.17,506,10,0,4788,305,4755,230,13.77,17.11,4105,19571,39.49
374,410,"Page Industries
                                                      ^^",Sunder Genomal,Textiles & Garments,4090,3886,537,254,13.12,34,4.27,283,110,0.1,1206,485,1089,435,54.37,66.7,27730,49037,29.94
375,364,Finolex Cables,Chhabria family,Consumer Durables,4088,3768,599,236,14.66,2,0.35,38,9,0,3941,340,3922,256,16.33,21.38,1589,6896,12.05
376,355,"Prakash Industries
                                                      ^^",V.P. Agarwal,Iron & Steel,4078,3929,169,397,4.14,73,32.9,211,548,0.19,3401,367,2812,305,5.91,7,2404,1073,-21.55
377,326,"USV
                                                      ^",Leena Gandhi Tewari,Pharma,4067,3893,1076,152,26.45,2,0.1,221,0,0,4164,328,4041,249,27.93,36.64,0,0,0
378,369,"Tata Hitachi Construction Machinery Company
                                                      ^^ ^",Tata Group,Engineering,4062,3943,6,449,0.15,19,17.53,101,514,0.58,1531,468,891,448,0.69,2.53,0,0,0
379,417,Max Healthcare Institute,Abhay Soi%comma% KKR,Healthcare,4059,3931,605,233,14.91,101,10.81,499,913,0.15,7864,232,6282,190,10.15,11.09,4436,36702,33.01
380,323,Equitas Holdings,"Diversified
                                              *",Micro Finance,4045,3978,153,402,3.79,1481,0,2130,22242,6.53,26701,129,3407,278,7.11,7.34,17687,3633,-20.79
381,358,Kirloskar Oil Engines,Kirloskar Group,Capital Goods,4041,4022,175,395,4.32,106,25.73,174,1965,0.94,4125,331,2082,356,8.54,9.55,2184,2549,33.33
382,453,Sarda Energy & Minerals,K.K. Sarda,Iron & Steel,4030,3914,804,196,19.95,147,10.91,282,1581,0.53,4732,308,3004,297,30.96,29.27,1369,3228,-5.74
383,426,Solar Industries India,Satyanarayan Nuwal,Basic Materials,4007,3948,441,282,11.01,50,6.72,99,888,0.46,2904,385,1914,372,26.07,25.33,1272,25774,62.05
384,335,"Equitas Small Finance Bank
                                                      ^^","Diversified
                                              *",Banks,3997,3460,281,348,7.02,1421,0,2133,21567,0,26959,127,4246,243,7.35,1.09,17607,6250,-19.19
385,367,Medplus Health Services,Madhukar Gangadi & Others,Healthcare,3970,3779,96,420,2.41,66,24.39,34,815,0.57,2253,421,1418,410,8.82,10.26,439,10355,-47.15
386,433,Zuari Agro Chemicals,K.K. Birla Group,"Fert, Agrochem",3965,3590,130,409,3.29,173,74.04,705,2643,7.2,3505,361,367,471,22.1,12.86,624,624,61.14
387,314,"DCB Bank
                                                      ^^","Diversified
                                              *",Banking,3965,3513,288,347,7.25,2155,0,4091,38774,0,44892,98,3823,264,7.82,0.68,8077,2682,13.65
388,348,Granules India,K.P. Chigurupati,Drugs & Pharmaceuticals,3935,3765,413,294,10.49,23,3.21,409,1106,0.43,3722,353,2587,317,17.34,17.17,3686,7554,18.15
389,333,"P&G Hygiene and Health Care
                                                      ^^",MNC,FMCG,3932,3901,576,244,14.64,11,1.35,639,5,0.01,827,493,738,456,79.31,98.5,0,47042,-1.44
390,457,RSWM,L.N. Jhunjhunwala family,Textiles & Garments,3917,3817,246,363,6.29,68,15.65,9,1103,1.07,2145,430,1035,440,26.95,18.47,16615,993,-24.79
391,459,"Filatex India
                                                      ^^",M.S. Bhageria,Textile & Garments,3892,3828,303,341,7.78,36,6.78,29,358,0.33,1479,472,1085,436,32.76,34.51,2383,2444,-0.69
392,390,GHCL,Sanjay Dalmia,Basic Materials,3877,3778,647,225,16.68,64,6.49,255,788,0.26,3881,346,3086,293,23.22,25.81,3655,5177,55.41
393,361,"Redington
                                                      (**)","Diversified
                                              *",Trading,3877,2492,1280,128,33.02,163,8.85,3659,831,0.14,7108,253,5785,203,24.52,28.61,1663,11327,0.69
394,406,SKF India,MNC,Auto Ancillaries,3874,3666,395,302,10.2,2,0.37,402,16,0.01,1939,445,1886,377,22.9,29.97,1681,18986,33.13
395,483,"Birla Carbon India
                                                      ^^ ^",Aditya Birla Group,Auto ancillaries,3858,3624,432,287,11.2,21,4.02,1,407,0.15,3104,374,2668,311,17.36,19.95,0,0,0
396,400,ITD Cementation India,MNC,"Engg, Construction",3854,3809,69,431,1.79,142,48.32,491,560,0.5,1732,455,1131,430,6.31,14.3,2071,1377,51.29
397,392,Galaxy Surfactants,"Diversified
                                              *",FMCG,3844,3686,263,355,6.84,13,3.21,71,421,0.27,2003,437,1574,400,18.28,18.99,1546,10586,-5.44
398,0,"Go Digit General Insurance
                                                      ^^ ^",Fairfax%comma% Kamesh Goyal,Financial Services,3841,3841,-296,470,0,0,0,147,0,0,1978,439,1978,367,0,0,0,0,0
399,346,Sun TV Network,Kalanithi Maran,Media,3841,3585,1642,109,42.75,33,1.46,1138,95,0.01,8264,229,8155,155,21.59,28.94,1106,19180,-8.54
400,0,GVK Power & Infrastructure,G.V.K. Reddy family,Infra Development,3832,858,2645,77,69.03,421,144.13,557,10523,0,7478,242,-3840,494,0,35.8,2065,585,-48.66
401,477,"Nahar Spinning Mills
                                                      ^^",J.L. Oswal,Textiles & Garments,3818,3594,502,266,13.15,75,9.21,4,1013,0.63,2617,400,1601,397,40.2,32.67,10133,1599,-46.05
402,388,"Mando Automotive India
                                                      ^^ ^",Anand group%comma% Mando Corp,Auto ancillaries,3815,3773,217,376,5.7,17,3.75,279,321,0.33,1298,482,970,443,24.85,27.43,0,0,0
403,435,Gujarat Alkalies & Chemicals,Govt of Gujarat,Basic Materials,3808,3759,560,248,14.7,6,0.63,300,594,0.1,6642,262,5899,200,9.93,13.19,1538,5685,20.33
404,409,Kajaria Ceramics,A.K. Kajaria,Consumer Durables,3807,3705,377,309,9.9,13,2.08,424,165,0.08,2371,415,2122,350,19.18,24.21,2599,17790,-10.92
405,437,Sharda Cropchem,R.V. Bubna,Basic Materials,3787,3580,349,321,9.22,15,2.16,166,47,0.02,1966,440,1912,375,19.81,26.12,175,4692,20.62
406,362,JM Financial,Nimesh Kampani,Non-banking Financial Services,3763,3724,773,203,20.54,1082,0,2560,13498,1.76,24124,132,7686,162,13.51,11.97,2405,6539,-18.25
407,418,H.G. Infra Engineering,Harendra Singh%comma% Vijendra Singh%comma% Girishpal Singh trusts,"Engg, construction",3759,3751,380,308,10.11,118,16.57,165,1184,0.82,2630,399,1436,408,30.42,27.82,1866,3850,-24.56
408,422,Narayana Hrudayalaya,Devi Shetty,Healthcare,3747,3701,342,324,9.12,76,11.62,172,723,0.49,2456,408,1489,406,26.23,21.71,11465,13474,54.12
409,380,KNR Constructions,Narasimha Reddy,Engineering & Construction,3684,3606,382,306,10.37,151,18.85,259,1464,0.63,4099,332,2328,338,17.06,21.52,2173,7526,-22.07
410,385,Time Technoplast,Vageria%comma% Jain families,Plastic Products,3670,3650,188,391,5.12,92,18.19,94,906,0.44,3032,379,2069,360,9.69,12.25,2521,2067,49.82
411,412,Rattanindia Power,Rajiv Rattan,Power,3669,3260,-1981,493,0,2342,641.25,270,10967,0,9877,211,-2662,492,0,0,524,2649,4.76
412,340,Great Eastern Shipping Company,K.M. Sheth,Shipping,3669,3509,630,228,17.16,370,24.23,2837,4655,0.58,13022,177,8051,157,7.99,7.54,1812,5698,74.96
413,448,India Glycols,U.S. Bhartia,Basic Materials,3667,2868,340,325,9.27,70,0,102,1042,0.58,3050,378,1792,381,11.1,8.43,1151,2708,-12.02
414,387,Kesoram Industries,B.K. Birla Group,Diversified,3657,3606,-77,456,0,502,102.46,179,1811,3.01,2528,402,511,465,0,0,1856,1332,-11.51
415,397,V-Guard Industries,K. Chittilappilly,Consumer Durables,3652,3498,228,369,6.23,8,2.33,61,68,0.05,1500,471,1407,412,17.45,21.63,2477,9821,-0.64
416,462,"Mahanagar Gas
                                                      ^^",GoI,Oil & Gas,3646,3560,597,237,16.37,8,0.81,465,103,0.03,3727,351,3597,273,17.48,23.06,491,8134,-12.61
417,396,Nava,"Diversified
                                              *",Metals,3639,3348,518,260,14.23,338,27.61,342,3587,0.72,9784,215,4953,224,13.48,15.46,611,2308,71.97
418,376,HIL,C.K. Birla Group,Cement,3630,3520,210,380,5.8,13,3.22,73,313,0.27,1518,469,1166,428,19.47,20.61,1610,2852,-36.79
419,0,Graphite India,K.K. Bangur,Basic Materials,3588,3027,505,264,14.06,5,1,144,436,0.09,5386,288,4947,225,10.63,13.73,1719,8784,-31.51
420,439,"Tetra-Pak India
                                                      ^^ ^",MNC,Packaging,3564,3337,212,379,5.95,41,10.9,14,486,1,997,488,485,466,48.35,34.22,0,0,0
421,327,"Saraswat Co-operative Bank
                                                      ^^ ^","Diversified
                                              *",Banking,3556,3029,275,349,7.73,1997,0,5093,45030,0,58468,86,4435,235,6.15,0.49,0,0,0
422,423,"J Kumar Infraprojects
                                                      ^^",Jagadishkumar Gupta,Real Estate,3552,3527,206,383,5.8,100,19.82,374,472,0.23,2560,401,2087,353,10.36,15.26,7021,1719,65.72
423,379,Ajanta Pharma,Rajesh Agrawal,"Drugs, Pharma",3540,3341,713,212,20.13,10,1.1,212,25,0.01,3313,368,3264,287,22.77,28.91,7234,16652,-11.26
424,497,Himatsingka Seide,D.K. Himatsingka,Textiles & Garments,3506,3198,141,404,4.02,181,33.3,167,2922,1.99,4677,310,1470,407,10.11,8.8,8687,1535,-63.47
425,375,EPL,MNC,Packaging,3502,3433,214,378,6.12,40,7.09,193,767,0.42,2660,398,1825,380,12.56,13.16,1114,5565,-26.81
426,472,Patel Engineering,Rupen Patel,"Engg, Construction",3497,3380,72,429,2.05,420,84.37,261,2292,0.96,6219,270,2384,328,3.77,9.26,4273,1233,-13.21
427,404,Brigade Enterprises,M.R. Jaishankar,Real Estate,3494,2999,83,424,2.37,444,62.51,945,4906,1.69,7967,231,2902,301,-3.51,6.29,625,11174,4.71
428,415,Carborundum Universal,Murugappa Group,"Fert, Agrochem",3478,3325,333,327,9.58,6,1.05,352,232,0.1,2718,393,2364,330,15.57,19.93,2121,15681,2.48
429,419,Prime Focus,Naresh Malhotra,Media & Entertainment,3478,3386,-172,462,0,373,60.6,239,4102,35.89,4521,314,114,476,0,0,249,2242,-5.05
430,389,"Sanofi India
                                                      ^^",MNC,"Drugs, Pharma",3477,2957,944,168,27.16,2,0.24,1550,25,0.01,2312,418,2226,344,26.75,33.8,2505,15981,-25.48
431,319,Godrej Properties,Godrej Group,Real Estate,3474,1825,352,320,10.14,167,0,1339,5196,0.6,13966,167,8675,150,4.09,5.03,1998,43283,-46.15
432,383,Cochin Shipyard,GoI,Ship Building,3459,3191,564,247,16.3,53,8.46,3213,551,0.13,4983,300,4393,239,13.39,17.08,1756,4619,61.55
433,463,Ratnamani Metals & Tubes,Prakash Sanghvi,Iron & Steel,3397,3139,323,333,9.5,21,4.32,44,157,0.07,2408,411,2248,343,15.23,19.62,2372,11241,46.51
434,420,3M India,MNC,Consumer Durables,3390,3336,272,350,8.02,4,0.96,1328,25,0.01,2263,420,2184,346,13.29,17.52,1132,25495,-8.93
435,466,West Coast Paper Mills,S.K. Bangur,Paper,3389,3378,307,339,9.06,59,9.27,60,478,0.28,2660,397,1686,395,22.5,21.21,2386,2366,146.37
436,431,Religare Enterprises,"Diversified
                                              *",NBFC,3372,3227,-1544,491,0,750,0,2403,4878,0,4346,322,-982,487,0,0,0,4392,5
437,0,Oberoi Realty,Vikas Oberoi,Real Estate,3365,2694,1047,160,31.11,86,7.28,293,2855,0.27,13512,169,10416,136,10.58,11.69,662,32643,-3.8
438,386,Emami,RS Agarwal & RS Goenka,FMCG,3333,3192,839,185,25.17,5,0.54,116,282,0.14,2406,412,2077,357,43.59,32.08,3205,21275,-11.98
439,394,Transport Corporation of India,D.P. Agarwal,Transport Logistics,3304,3257,290,346,8.76,13,3.14,74,96,0.07,1560,466,1430,409,22.52,22.84,3691,5459,4.51
440,0,Lakshmi Machine Works,Jayavarthanavelu family,Textiles & Garments,3290,3171,181,392,5.5,0,0.04,495,0,0,2417,410,1990,364,9.6,11.01,3143,10864,48.06
441,349,"GE T&D India
                                                      ^^",MNC,Capital Goods,3283,3066,-50,455,0,59,0,82,226,0.21,1409,478,1080,437,0,-8.09,2332,2952,-1.08
442,443,Akzo Nobel India,MNC,FMCG,3264,3149,290,345,8.89,15,3.35,459,71,0.06,1423,476,1258,421,22.79,26.67,1467,8923,6.75
443,399,Sumitomo Chemical India,MNC,Basic materials,3262,3065,424,290,12.98,8,1.33,79,38,0.02,1987,438,1927,370,24.42,32.52,1696,21508,33.37
444,493,Force Motors,Abhaykumar Firodia family,Auto,3255,3240,-91,457,0,41,81.33,74,1069,0.61,2847,388,1748,387,0,-3.31,3928,1556,-3.83
445,450,Asahi India Glass,MNC,Auto Ancillaries,3238,3170,345,323,10.65,121,15.9,88,1238,0.7,3011,380,1762,385,21.41,20.84,6589,12573,45.7
446,485,"KRIBHCO Fertilisers
                                                      ^^ ^",GoI,Fertilisers & Agrochem,3237,3199,80,425,2.48,59,27.87,145,1360,2.55,1950,443,532,464,15.84,8.06,0,0,0
447,0,Indian Hotels Co,Tata Group,Hospitality,3227,3056,-248,467,0,428,105.66,1188,3888,0.55,11678,190,7062,175,0,0,4980,33136,67.06
448,460,"JBF Industries
                                                      ^^",Bhagirath Arya,Textiles & Garments,3223,3272,-1170,486,0,250,0,140,2583,0,1618,462,-978,486,0,0,2428,125,-49.59
449,449,Tanla Platforms,U.K. Reddy,Infotech,3222,3206,539,253,16.74,3,0.44,862,54,0.04,1416,477,1354,416,48,58.39,680,17204,-36.84
450,451,Cosmo First,Ashok Jaipuria,Packaging,3209,3038,397,301,12.36,40,6.97,61,818,0.69,2090,431,1191,425,38.8,29.5,1039,2790,-30.02
451,0,JBM Auto,S.K. Arya,Auto Ancillaries,3206,3193,156,401,4.87,76,22.72,35,1388,1.55,2305,419,896,447,19.05,13.43,2063,5309,67.04
452,424,Embassy Office Parks REIT,MNC,Real estate,3186,3053,888,178,27.89,829,34.69,612,12136,0.47,38429,110,25887,64,3.08,4.24,0,34763,5.23
453,0,Arvind Fashions,Sanjay Lalbhai,Textiles,3177,3056,-267,468,0,130,243.14,105,958,1.28,2061,434,750,455,0,0,236,3808,18.65
454,0,Sutlej Textiles and Industries,C.S. Nopany,Textiles & Garments,3175,3076,150,403,4.73,50,13.42,14,943,0.86,2069,432,1100,433,14.62,14.42,16835,1208,-2.77
455,0,Laxmi Organic Industries,Ravi Goenka,Basic Materials,3174,3084,256,360,8.08,19,5.09,182,139,0.11,1444,474,1301,420,21.96,25.6,679,10019,-30.24
456,313,Wockhardt,Habil Khorakiwala,"Drugs, Pharma",3163,3230,-244,466,0,299,260,406,2198,0.57,6584,263,3849,260,0,1.15,2962,3966,-40.67
457,320,Strides Pharma Science,Arun Kumar,"Drugs, pharma",3163,3070,-460,473,0,177,0,187,3025,1.28,5531,284,2359,331,0,-4.44,2647,3297,-42.89
458,0,"National Engineering Industries
                                                      ^",C.K. Birla Group,Auto Ancillary,3163,2819,219,373,6.92,76,28.33,171,1504,0.46,4778,306,3239,288,2.52,3.43,0,0,0
459,484,Century Plyboards (India),Bhajanka%comma% Agarwal familes,Basic Materials,3154,3027,313,337,9.92,11,2.15,261,236,0.15,1804,452,1557,401,22.18,29.52,6339,13605,4.34
460,421,Sobha,P.N.C. Menon family,Real Estate,3137,2731,117,414,3.73,750,84.3,178,2514,1,5042,296,2511,322,3.85,16.56,3007,6801,-24.03
461,374,"Ujjivan Small Finance Bank
                                                      ^^","Diversified
                                              *",Banks,3126,2813,-415,472,0,1039,0,2168,20056,0,23611,136,2603,316,0,-1.88,16895,3353,16.2
462,345,SREI Infrastructure Finance,"Diversified
                                              *",NBFC,3122,3099,-2545,495,0,2169,0,1478,32318,0,26568,130,-5901,495,0,0,0,254,-10.27
463,0,"Gallantt Ispat
                                                      ^^",C.P. Agarwal,Iron & Steel,3122,3017,176,394,5.63,20,6.91,13,387,0.19,2485,405,2083,355,8.82,10.75,0,966,-15.31
464,310,Gayatri Projects,S.K. Reddy,"Engg, Construction",3100,3102,-958,481,0,338,0,33,2748,0,3427,365,-5,482,0,0,0,400,-70.32
465,427,"Orient Cement
                                                      ^^",C.K. Birla Group,Cement,3095,3073,263,353,8.51,51,8.7,44,316,0.21,1889,446,1525,404,18.6,22.49,858,2856,-19.15
466,368,Ujjivan Financial Services,"Diversified
                                              *",Micro Finance,3092,2995,-192,463,0,1071,0,2188,21073,9.07,23795,134,2323,340,0,3.59,0,1891,36.38
467,401,Kirloskar Brothers,Kirloskar Group,Capital Goods,3091,3058,94,421,3.05,33,16.25,259,396,0.34,1689,458,1177,427,7.15,10.63,4687,2612,-4.35
468,0,Adani Total Gas,Adani Group,Oil & Gas,3088,3038,509,262,16.5,53,6.82,34,1035,0.43,3461,363,2416,327,23.2,24.68,466,263880,153.35
469,0,Maithan Alloys,Subhas Chandra Agarwalla,Metals & Mining,3085,2992,818,194,26.52,3,0.32,102,5,0,2332,417,2323,339,42.55,55.6,584,3055,-8.53
470,447,"Gokul Refoils and Solvent
                                                      (**)",B.C. Rajput,"Food, Agri Products",3080,2997,27,445,0.86,18,45.53,59,368,1.21,673,496,304,473,9.12,8.85,0,348,16.45
471,436,Sheela Foam,Rahul Gautam,Textiles & garments,3071,2982,217,375,7.08,17,5.39,41,466,0.33,1945,444,1393,413,16.98,17.84,2779,15178,11.75
472,408,Indo Count Industries,A.K. Jain family,Textiles & Garments,3068,2842,358,316,11.68,47,10.91,394,1319,0.83,2923,382,1587,399,24.98,22.27,2215,3529,-40.51
473,403,"Jana Small Finance Bank
                                                      ^^ ^","Diversified
                                              *",Banking,3050,2727,5,450,0.18,1337,0,1537,18050,0,20189,142,1051,439,0.11,0.03,0,0,0
474,444,"KIOCL
                                                      ^^",GoI,Metals & Mining,3047,3006,313,335,10.29,12,3.26,1108,126,0.06,2365,416,2144,347,15.18,18.55,699,13277,-33.2
475,356,Engineers India,GoI,"Engg, Construction",3043,2913,140,405,4.59,3,0.8,1383,4,0,1786,453,1770,382,19.48,25.45,2756,3707,1.49
476,372,"Honeywell Automation India
                                                      ^^",MNC,Consumer Durables,3030,2948,339,326,11.19,9,2,2006,56,0.02,2920,383,2837,303,12.52,16.6,0,34821,-7.25
477,446,Minda Corporation,Ashok Minda,Auto Ancillaries,3019,2976,192,388,6.36,32,10.83,333,506,0.38,1872,448,1325,418,12.97,11.6,2755,4840,16.66
478,393,Va Tech Wabag,Rajiv Mittal,Capital Goods,3014,2979,132,407,4.38,88,37.51,429,436,0.28,2167,428,1539,403,8.96,12.18,968,1763,-20.56
479,478,"Bharat Dynamics
                                                      ^^",GoI,3013,40.97,47.22,267,93.94,5,0.68,1900,10,0,3988,337,15.74,295,17.49,19.23,2674,255,134.72,
480,311,"Bank of America
                                                      ^^ ^",MNC,Banking,3003,2326,830,190,27.62,513,0,14453,39199,0,62333,83,14291,105,5.98,1.36,0,0,0
481,0,Sunflag Iron & Steel Company,Satyadev Bhardwaj,Iron & Steel,2995,2718,217,377,7.24,42,10.61,68,587,0.34,2380,414,1412,411,16.73,18.45,1206,1486,3.09
482,0,Savita Oil Technologies,G.N. Mehra,"Lube Oils, Lubricants",2975,2938,260,356,8.76,19,5.39,68,0,0,1265,484,1258,422,22.45,31.5,463,1696,8.7
483,0,Himadri Speciality Chemical,Sadashiv K Shetty,Basic materials,2938,2791,39,440,1.33,36,27.11,265,587,0.31,2456,407,1868,378,3.12,4.56,0,2963,98.55
484,498,"Tata Teleservices
                                                      ^",Tata Group,Telecom (Ancillaries),2898,2734,-1304,488,0,2375,285.98,52,28114,0,3214,371,-29149,499,0,0,0,0,0
485,398,Dalmia Bharat Sugar & Industries,Dalmia Bharat Group,Cement,2894,3018,296,342,10.22,35,7.81,104,819,0.35,3224,370,2359,333,13.14,13.04,2648,3180,-18.19
486,0,GMDC,Govt of Gujarat,Metals & Mining,2889,2737,405,297,14.02,2,0.31,90,1,0,5413,287,4767,229,9.17,14.73,1085,4387,96.41
487,0,Electrotherm (India),Mukesh Bhandari,Capital Goods,2883,2831,-40,452,0,45,52.58,72,2087,0,1024,487,-1082,488,0,0,2094,136,-38.32
488,440,Radico Khaitan,L.K. Khaitan,Beer & Alcohol,2879,2868,263,354,9.14,13,3.32,110,202,0.1,2240,422,2027,361,13.01,15.93,1196,13096,-4.26
489,0,Shoppers Stop,K Raheja,Retail Trade,2871,2519,-47,453,0,207,76.73,33,2115,27.86,2191,427,76,481,0,0,5403,5281,111.55
490,469,TTK Prestige,T.T. Jagannathan family,Consumer Durables,2854,2722,305,340,10.68,7,1.6,405,92,0.05,1823,451,1727,391,18.91,24.5,1418,12647,-15.26
491,454,"Relaxo Footwears
                                                      ^^",M.L. Dua & R.K. Dua,Leather,2849,2653,233,366,8.17,17,4.12,13,174,0.1,1953,442,1760,386,13.96,17.79,8026,27866,-27.61
492,479,Nilkamal,V. Parekh & S. Parekh,Consumer Durables,2838,2730,83,423,2.94,31,13.79,68,354,0.29,1630,461,1202,424,7.13,9.15,3225,3204,-12.04
493,416,Sadbhav Engineering,Vishnubhai Patel,"Engg, Construction",2828,1908,-724,478,0,975,0,212,6159,7.68,7257,246,802,453,0,0,1238,468,-74.09
494,491,Rane Holdings,L. Ganesh family,Auto Ancillaries,2825,2695,24,446,0.85,34,0,28,788,1.02,1849,449,776,454,1.93,4.28,0,949,51.62
495,360,Dish TV India,"Diversified
                                              *",Media,2815,2802,-1831,492,0,325,0,182,378,0.4,1282,483,936,444,0,0,0,2836,-6.99
496,482,Usha Martin,Brij Kishore Jhawar,Iron & Steel,2812,2688,291,344,10.36,42,11.07,165,411,0.24,2196,425,1694,393,16.84,16.99,2180,3522,58.29
497,402,Godfrey Phillips India,K.K. Modi Group,FMCG,2812,2706,438,286,15.58,34,5.36,50,336,0.11,3299,369,2928,300,13.61,16.51,962,6003,19.19
498,0,"Schwing Stetter India
                                                      ^^ ^",MNC,Capital goods,2801,2539,53,434,1.91,37,32.62,20,320,0.73,795,494,438,470,11.45,13.86,0,0,0
499,490,"Hubergroup India
                                                      ^^ ^",MNC,Basic Materials,2797,2695,171,396,6.12,15,6.15,11,260,0.15,2036,436,1764,384,9.92,13.12,0,0,0
500,0,"Nitin Spinners
                                                      ^^",Ratan Lal Nolkha,Textiles & Garments,2788,2692,326,330,11.7,55,8.55,1,689,0.79,1569,464,876,449,45.32,36.06,5205,1350,-15
