2022,2021,Change,Company,Ownership,Industry,Rs cr,YoY change %,Rs cr,YoY change %,Rs cr,Rank,YoY change %,% of total income,Rs cr,% of Ebitda,Rs cr,Rs cr,(x),Rs cr,Rank,YoY change %,Rs cr,Rank,(%),(%),(in nos),Rank,RS Crore,(%)
1,1,0,Reliance Industries,Mukesh Ambani,Oil & Gas,739518,43.81,699962,49.91,60705,1,23.56,8.21,14584,13.21,36178,319158,0.41,1222627,8,11.54,779485,1,9.17,9.36,342982,2,1681013,0.78
2,NAP,NEW,LIC,GoI,Financial Services,724744,2.99,723606,4.73,4125,57,38.69,0.57,0,NAP,44724,0,0,4182536,2,11.64,11336,130,45.28,0.31,NAVL,NAP,433115,-30.85
3,3,0,Indian Oil Corporation,GoI,Oil & Gas,607365,62.04,589336,61.93,25102,8,16.01,4.13,4301,9.23,1820,132020,0.99,272852,27,16.36,133535,8,20.97,15.29,31254,26,108577,-13.7
4,4,0,ONGC,GoI,Oil & gas,502474,54.51,491270,61.66,45522,2,179.2,9.06,5696,7.32,6841,121986,0.47,444489,17,6.09,259503,3,20.52,14.62,27165,36,188068,-6.05
5,2,-3,State Bank of India,GoI,Banking,406973,5.61,289973,4.26,35374,6,57.88,8.69,156194,NAP,398905,4536571,0,5371426,1,10.64,282210,2,13.61,0.69,245652,6,447533,13.04
6,6,0,Bharat Petroleum Corporation,GoI,Oil & Gas,355772,47.36,346791,50.67,11682,26,-27.74,3.28,2606,13.62,2237,64534,1.24,118219,55,7.94,51906,33,22.15,16.37,8594,118,76165,-24.86
7,5,-2,Tata Motors,Tata Group,Auto,280027,12.7,278454,11.47,-11441,499,0,NAP,9312,38.83,40669,146449,3.29,221106,38,-2.78,44561,41,NAP,1.04,25588,43,160911,-15.05
8,9,1,Tata Steel,Tata Group,Iron & Steel,253797,62.32,243959,55.91,40154,3,436.08,15.82,5462,8.73,15899,75561,0.66,207633,40,14.42,113546,10,44.54,29.16,35927,24,136734,-21.69
9,13,4,Hindalco Industries,Aditya Birla Group,Metals & Mining,206795,52.63,195059,47.76,13730,19,294.2,6.64,3768,13.64,17392,64486,0.82,152037,44,5.58,78191,17,18.97,15.45,21151,58,101778,-14.3
10,7,-3,Tata Consultancy Services,Tata Group,Infotech,195772,17.01,191754,16.8,38327,4,18.18,19.58,784,1.48,18221,7818,0.09,100023,58,2.98,88651,15,44.13,53.97,592195,1,1265497,-6.89
11,10,-1,HDFC Bank,"Diversified
                                              *",Banking,167695,7.58,135936,5.74,38053,5,19.54,22.69,58584,NAP,155386,1784970,0,2122934,3,17.97,247326,4,16.69,1.94,141579,8,802745,-5.72
12,11,-1,Larsen & Toubro,Diversified,Capital Goods,160962,9.27,156521,15.11,8669,30,-25.15,5.39,9235,37.96,18953,125292,1.52,221833,37,-0.78,82408,16,13,11.3,50267,22,252441,14.15
13,8,-5,ICICI Bank,Diversified,Banking,157536,-2.27,95407,7,25110,7,36.58,15.94,41167,NAP,183126,1252969,0,1756355,4,11.37,178824,6,15.47,1.51,105844,10,541104,13.62
14,24,10,JSW Steel,Savitri Devi Jindal,Iron & Steel,152420,88.69,146371,83.33,20665,11,161.22,13.56,4968,12.98,17383,72208,1.07,144039,47,24.8,67297,21,37.09,26.82,12398,96,156564,0.95
15,12,-3,HDFC,"Diversified
                                              *",NBFC,144938,-0.72,135926,-2.24,22595,9,20.57,15.59,27230,NAP,2629,507460,2.82,700090,14,14.28,179853,5,14.29,8.59,6214,148,439224,-13.39
16,14,-2,NTPC,GoI,Power,137580,16.38,132669,18.95,16676,15,13.95,12.12,9376,23.29,4458,210707,1.56,356845,22,2.75,135374,7,12.99,9.01,NAVL,NAP,141394,35.22
17,20,3,Vedanta,Anil Agarwal,Metals & Mining,137381,51.55,132732,50.8,18802,12,62.06,13.69,4797,10.89,15592,53581,0.82,145680,46,1.23,65383,26,37.14,29.37,8129,123,118262,17.59
18,16,-2,Infosys,"Diversified
                                              *",Infotech,123936,20.71,121641,21.07,22110,10,14.26,17.84,200,0.64,17472,5474,0.07,83998,65,-0.46,67011,22,32.34,39.66,314015,3,684684,-7.58
19,15,-4,Bharti Airtel,Mittal brothers & family,Telecommunication,122048,8.6,116547,15.83,4255,54,0,3.49,16616,29.31,13494,169678,2.55,274268,26,5.53,66554,23,11.43,11.26,14774,86,409262,17.31
20,17,-3,Coal India,GoI,Metals & Mining,111310,15.8,109714,21.87,17358,13,36.68,15.59,541,2.19,29179,3514,0.08,122082,53,7.41,43143,42,43.63,20.59,251320,4,115608,59.72
21,30,9,Steel Authority of India,GoI,Iron & Steel,105033,57.96,103477,49.72,12243,23,195.16,11.66,1698,8.09,786,17284,0.32,80950,67,-9.42,54212,32,24.58,21.13,62181,19,37655,-31.48
22,25,3,Grasim Industries,Aditya Birla Group,Diversified,98340,27.46,89073,27.3,7550,32,75.38,7.68,4776,34.78,3253,74733,0.99,249863,29,7.55,75698,19,15.87,8.86,23591,50,106772,-3.17
23,31,8,"Nayara Energy
                                                      ^",MNC,Oil & gas,97354,50.51,93889,49.65,921,174,101,0.95,1840,39.25,2529,18358,0.85,48987,96,4.93,21642,75,4.35,6.4,4382,188,NAP,NAP
24,34,10,GAIL (India),GoI,Oil & Gas,95970,60.56,92770,61.7,12256,22,99.73,12.77,202,1.34,2804,9216,0.14,80013,70,19.55,64114,27,20.98,21.37,13935,88,62828,-2.14
25,26,1,Mahindra & Mahindra,M&M Group,Auto,94407,22.7,90171,21.4,6577,34,262.89,6.97,5018,34.58,11118,77605,1.65,142586,48,2.4,47123,40,16.35,10.93,21297,57,124049,56.36
26,19,-7,Canara Bank,GoI,Banking,94257,0.98,70614,0.51,6125,37,111.89,6.5,43035,NAP,182391,1132626,0,1257664,7,6.62,61455,30,10.03,0.5,86919,15,40385,40.02
27,28,1,Maruti Suzuki India,MNC,Auto,90330,23.39,88330,25.52,3880,60,-11.61,4.29,127,2.22,3042,426,0.01,58025,87,5.09,55334,31,5.24,5.83,16259,79,245546,25.97
28,18,-10,Punjab National Bank,GoI,Banking,88571,-6.48,76242,-6.95,3861,61,50.69,4.36,46823,NAP,134194,1213606,0,1340471,6,4.64,90533,13,4.44,0.29,103144,12,39633,3.39
29,21,-8,Bank of Baroda,GoI,Banking,87780,-2,73385,-1.25,7850,31,407.19,8.94,38815,NAP,130229,1185331,0,1343104,5,11.42,91868,12,8.37,0.62,NAVL,NAP,56318,53.63
30,27,-3,HCL Technologies,Shiv Nadar,Infotech,86785,13.73,85651,13.63,13499,20,21.12,15.55,319,1.55,12636,6343,0.1,70907,78,1.59,61914,29,22.2,24.59,112498,9,291346,-8.28
31,23,-8,Axis Bank,"Diversified
                                              *",Banking,86114,10.44,68846,6.91,14119,17,96.22,16.4,34923,NAP,112344,1020692,0,1195726,10,19.45,118261,9,12.77,1.29,85815,16,223726,20.59
32,22,-10,Union Bank of India,GoI,Banking,81754,-2.23,68230,-1.56,5265,43,83.88,6.44,40178,NAP,119758,1085613,0,1196965,9,10.25,66104,24,8.27,0.46,75201,17,28662,21.74
33,32,-1,Wipro,Azim Premji,Infotech,81416,26.6,79312,28.06,12230,24,13.27,15.02,533,3.19,10384,17593,0.27,85887,64,27.01,65403,25,20.35,20.45,247073,5,284287,-40.42
34,29,-5,Power Finance Corporation,GoI,NBFC,76345,6.47,76262,6.43,14015,18,19.3,18.36,44709,NAP,6685,660476,9.21,756751,12,2.06,71676,20,28.34,9.38,501,381,30494,-5.58
35,33,-2,Bajaj Finserv,Bajaj Group,NBFC,68439,12.95,68406,12.9,4557,50,1.93,6.66,9629,NAP,4403,161179,4,227499,35,21.82,40247,45,21.86,11.43,114,397,247652,-3.88
36,35,-1,Samvardhana Motherson International,Vivek Chaand Sehgal,Auto Ancillaries,64663,11.12,63536,10.75,874,181,-15.92,1.35,543,12.29,4999,14130,0.69,38062,111,26.29,20588,80,7.13,7.47,102422,13,61194,-49.18
37,37,0,ITC,"Diversified
                                              *",FMCG,63208,20.28,60668,23.13,15243,16,15.82,24.12,60,0.29,4654,249,0,63473,80,3.29,62456,28,25.25,33.49,23829,48,329683,60.8
38,36,-2,Kotak Mahindra Bank,Uday Kotak,Banking,59051,4.69,33740,2.8,12089,25,21.01,20.47,11553,NAP,52665,365235,0,546715,16,14.13,96665,11,13.14,2.36,90000,14,365100,-8.57
39,NAP,R-E 2011,"Adani Wilmar
                                                      (**)",Adani Group,Food & Agri Products,53808,45.5,51879,44.38,804,197,10.33,1.49,541,31.15,4494,2701,0.36,10808,200,60.14,7606,163,14.2,18.22,2409,271,79083,153.45
40,42,2,UltraTech Cement,Aditya Birla Group,Cement,53651,18.82,52599,17.6,7344,33,34.43,13.69,945,8.2,359,11299,0.22,62657,82,-6.27,50435,35,15.5,14.62,21921,53,191756,-13.14
41,40,-1,Hindustan Unilever,MNC,FMCG,52909,10.32,52446,11.52,8879,29,11.06,16.78,106,0.84,3846,1043,0.02,53398,90,2.8,49061,37,18.38,22.76,8480,122,554507,6.78
42,38,-4,Jindal Steel & Power,Savitri Devi Jindal,Iron & Steel,51993,48.92,51166,47.97,5753,40,58.33,11.07,1888,13.86,3669,13502,0.38,51135,94,-16.73,35625,50,20.07,20.68,6200,149,42641,7.33
43,NAP,R-E 2020,GIC,GoI,Financial Services,49739,2.36,49585,2.06,2386,81,19.82,4.8,0,NAP,21451,0,0,60045,85,12.28,36008,49,6.42,6.61,NAVL,NAP,22036,-5.23
44,45,1,"Hyundai Motor India
                                                      ^",MNC,Auto,48028,16.29,47378,15.64,2902,72,54.24,6.04,132,2.4,14139,1178,0.07,19546,145,7.86,16856,94,18.04,20.73,NAVL,NAP,NAP,NAP
45,46,1,UPL,R.D. Shroff,"Fert, Agrochem",46655,19.65,46240,19.5,3626,63,26.3,7.77,2295,24.93,6120,26746,1.08,56523,89,13.19,24661,68,19.48,14.8,5456,161,56255,2.02
46,39,-7,Bank of India,GoI,Banking,46373,-2.64,38281,-6.3,3493,65,67.69,7.53,24083,NAP,91709,656802,0,745089,13,1.38,49540,36,7.48,0.47,51825,21,20696,4.17
47,44,-3,Power Grid Corporation of India,GoI,Power,46342,11.66,41616,4.99,16824,14,39.78,36.3,8036,22.45,5048,134696,1.77,215226,39,-1.08,76247,18,19.39,11.25,8536,120,149824,30.61
48,52,4,Tata Power Company,Tata Group,Power,46298,32.39,43095,30.11,1741,97,54.47,3.76,3859,59.25,6641,51195,2.28,88375,62,10.35,22442,72,9.63,7.9,21636,54,73763,2.11
49,41,-8,Indian Bank,GoI,Banking,46268,2.32,38862,-0.63,4142,56,31.52,8.95,22129,NAP,79968,610724,0,674096,15,7.76,38741,46,11.03,0.64,39803,23,20583,53.92
50,47,-3,Tech Mahindra,Mahindra Group,Infotech,45761,18.42,44646,17.94,5566,42,25.7,12.16,163,2.03,3975,2618,0.1,33667,114,7.73,26886,61,21.76,23.78,104583,11,126060,-27.4
51,59,8,Petronet LNG,GoI,Oil & Gas,43565,65.01,43169,65.89,3438,66,16.97,7.89,317,6.05,4326,3439,0.25,18098,148,10.06,13668,111,26.99,28.24,532,379,32191,-6.87
52,50,-2,Sun Pharmaceuticals Industries,Dilip Shanghvi,"Drugs, pharma",39838,13.84,38654,15.39,3273,67,12.7,8.22,127,2.24,5033,1290,0.03,53376,91,-1.97,48011,38,14.5,17.97,19021,66,208246,26.56
53,48,-5,REC,GoI,NBFC,39339,10.58,39276,10.46,10036,27,19.78,25.51,22051,NAP,2660,333043,6.49,384357,21,2.91,51314,34,21.11,9.1,442,385,25694,0.64
54,43,-11,Vodafone Idea,MNC,Telecommunication,38849,-12.98,38516,-8.19,-28245,500,0,NAP,20981,131.15,3497,40647,0,159273,43,-6.54,-61965,500,NAP,NAP,NAVL,NAP,31106,-15.27
55,49,-6,IndusInd Bank,Hinduja Group,Banking,38230,7.69,30822,6.29,4805,48,63.99,12.57,15822,NAP,68585,340673,0,402333,19,10.76,47719,39,10.57,1.26,33582,25,75633,-6.24
56,51,-5,"Nabard
                                                      ^",GoI,NBFC,37175,6.19,36905,6,5179,45,18.06,13.93,26574,NAP,6073,646380,0,758469,11,15.15,90061,14,6.08,0.73,NAVL,NAP,NAP,NAP
57,53,-4,New India Assurance Company,GoI,Insurance,35916,8.52,35821,8.33,195,386,-88.14,0.54,0,NAP,12629,0,0,39909,106,3.55,25805,65,0.69,0.47,13929,89,18381,-41.68
58,56,-2,Bajaj Auto,Bajaj Group,Auto,35637,20.63,33145,19.48,6166,36,26.95,17.3,9,0.16,958,123,0,30020,122,9.42,29860,59,19.01,23.39,7317,134,105551,2.19
59,80,21,Titan Company,Tata Group,Gems & Jewellery,33828,55.83,28799,33.06,2173,87,123.33,6.42,218,6.63,1573,7275,0.78,16811,156,26.4,9303,143,26.17,20.76,7263,135,214331,14.81
60,58,-2,Adani Power,Adani Group,Power,31686,12.56,27711,5.68,4912,47,286.74,15.5,4095,41.72,2365,48744,2.58,73270,76,2.89,18457,87,17.84,12.71,NAVL,NAP,88754,224.7
61,63,2,Avenue Supermarts,R.K. Damani,Retail Trade,31588,28.2,30976,28.3,1493,117,35.75,4.73,54,2.15,299,647,0.05,14330,165,13.91,13678,110,11.54,15.74,11312,101,272254,-5.21
62,55,-7,Max Financial Services,"Diversified
                                              *",Diversified,31188,-0.32,31182,-0.3,253,361,-40.44,0.81,25,NAP,600,522,0.13,5007,299,38.76,3935,253,6.44,7.94,NAVL,NAP,28899,-28.46
63,66,3,Asian Paints,"Diversified
                                              *",FMCG,30838,39.31,29101,34.03,3031,69,-3.46,9.83,95,2.04,864,1587,0.11,16009,159,10.06,13812,109,23.18,28.8,7423,133,302270,0.24
64,68,4,"MMTC-PAMP India
                                                      ^",MNC,Mining & minerals,30488,43.8,29278,43.71,42,437,"1,373.85",0.14,68,46.47,80,611,1.75,992,489,-0.78,348,472,24.92,17.96,NAVL,NAP,NAP,NAP
65,54,-11,Hero MotoCorp,Munjal family,Auto,30078,-5.33,29551,-4.55,2317,83,-20.59,7.7,53,1.64,300,605,0.04,16936,155,2.86,15847,97,14.9,18.79,9173,109,52027,3.33
66,62,-4,Ambuja Cements,"MNC
                                              (Adani Group bought Ambuja-ACC in May 2022)",Cement,29868,20.81,28965,18.15,2780,73,17.54,9.31,146,2.39,11694,477,0.02,33294,117,11.42,25354,66,15.43,21.37,4723,179,77109,32.89
67,101,34,Indus Towers,"Diversified
                                              *",Telecom (Ancillaries),28176,85.16,27717,98.63,6373,35,68.65,22.62,1603,10.76,980,19726,0.89,44313,99,11.45,22151,74,33.52,23.87,3248,221,60720,-30.92
68,94,26,NMDC,GoI,Metals & Mining,27801,75.03,25882,68.39,9379,28,49.43,33.74,39,0.31,7978,3491,0.1,39734,107,20.42,34987,52,28.95,35.8,5539,159,39349,7.44
69,77,8,Oil India,GoI,Oil & Gas,27427,40.68,25906,47.06,5622,41,59.35,20.5,940,8.95,1550,16721,0.55,51084,95,11.44,30562,58,24.78,21.32,NAVL,NAP,23212,-8.29
70,70,0,Ashok Leyland,Hinduja Group,Auto,26725,29.88,26596,34.64,-359,471,0,NAP,1869,79.23,2099,24145,3.31,33356,116,-1.38,7304,169,NAP,6.13,10101,104,39945,7.03
71,97,26,Interglobe Aviation,Rahul Bhatia,Airline Services,26658,70.05,25931,77.12,-6162,497,0,NAP,2386,414.77,10120,36878,0,34948,113,4.87,-5988,496,NAP,NAP,26164,40,73223,-18.37
72,71,-1,Sundaram Clayton,TVS-Venu Srinivasan,Auto Ancillaries,26010,27.58,25591,26.07,441,283,36.17,1.69,985,33.64,3934,16593,3.27,24154,131,36.26,5079,222,20.65,11.44,1606,319,8312,24.55
73,60,-13,Central Bank of India,GoI,Banking,25889,0.25,22903,0.32,1076,153,0,4.16,13361,NAP,53097,350828,0,388320,20,4.71,23834,71,4.65,0.28,30289,28,17015,-6.65
74,69,-5,Hindustan Aeronautics,GoI,Capital Goods,25013,20.32,24620,7.59,5080,46,56.5,20.31,65,1.2,14348,49,0,33416,115,26.57,19313,82,29.25,17.69,25412,46,57658,97.04
75,93,18,"Suzuki Motor Gujarat
                                                      ^^ ^",MNC,Auto,24793,56.05,24440,54.2,23,447,-50.05,0.09,1,0.05,2734,0,0,12766,179,-1.26,12757,113,0.25,0.63,NAVL,NAP,NAP,NAP
76,78,2,TVS Motor Company,TVS-Venu Srinivasan,Auto,24651,26.62,24355,25.41,757,208,27.36,3.07,940,34.64,1536,15827,3.6,21131,139,27.34,4399,238,17.77,10.94,5161,169,36656,72.02
77,84,7,EID Parry (India),Murugappa Group,Sugar,23930,32.27,23528,26.79,907,176,102.7,3.79,152,6.43,1839,1259,0.24,9386,219,16.07,5326,215,31.76,36.64,2068,294,9013,38.39
78,61,-17,IDBI Bank,Diversified,Banking,23278,-6.24,18319,-8.23,2534,78,67.35,10.88,9125,NAP,26800,247195,0,302665,24,1.24,34104,54,3.32,0.84,17430,73,46466,-16.38
79,57,-22,Aurobindo Pharma,P.V. Ramprasad Reddy,"Drugs, Pharma",23075,-20.8,23455,-5.32,2648,76,-50.36,11.48,49,1.18,4190,2851,0.12,27638,125,0.43,24576,70,11.38,12.41,15431,81,35611,-21.78
80,75,-5,Cipla,Yusuf Hamied family,"Drugs, Pharma",22769,16.06,21763,13.59,2517,79,4.65,11.05,106,2.43,1928,1056,0.05,22426,138,7.41,20842,78,13.07,16.83,25927,41,79013,28.9
81,76,-5,Aditya Birla Capital,Aditya Birla Group,NBFC,22582,15.56,22232,15.43,1706,104,51.43,7.55,3480,NAP,2638,58425,3.77,75516,74,10.61,15492,99,11.36,8.2,NAVL,NAP,26545,17.44
82,90,8,"Patanjali Foods
                                                      (**) ^^",Patanjali Ayurved,FMCG,22498,38.77,22093,39.83,806,195,18.44,3.58,359,24.05,2016,3068,0.55,10215,208,26.77,6171,192,15.76,15.68,3547,213,35094,51.65
83,73,-10,Dr Reddys Laboratories,Dr Reddy's Holdings,"Drugs, Pharma",22454,11.28,21545,13.11,2183,86,11.83,9.72,96,2.54,2419,3385,0.18,22790,137,9.12,19212,85,11.84,14.46,20122,61,72295,-7.07
84,64,-20,Yes Bank,"Diversified
                                              *",Banking,22424,-3.12,19019,-5.09,1064,156,0,4.75,12528,NAP,46748,269403,0,318578,23,16.44,33699,55,2.74,0.36,24346,47,35226,18.75
85,124,39,Jindal Stainless,Savitri Devi Jindal,Iron & Steel,22141,80.97,21223,74.13,1881,94,348.74,8.5,332,11.12,224,3196,0.62,8569,227,26.3,5186,219,45.5,36.27,1761,305,8118,-28.27
86,87,1,Apollo Tyres,Onkar Kanwar,Tyres & Tubes,21847,26.97,20948,20.41,639,227,82.35,2.92,465,17.97,1081,6985,0.59,20286,141,0.41,11749,125,5.51,6.49,15979,80,14071,34.08
87,65,-22,Indian Overseas Bank,GoI,Banking,21641,-3.65,16736,-1.41,1709,103,125.39,7.9,10419,NAP,36951,265284,0,299656,25,9.27,20475,81,4.73,0.6,22363,52,35322,-13.1
88,88,0,Bharat Heavy Electricals,GoI,Capital Goods,21084,22.65,21211,22.55,446,281,0,2.12,448,54.14,7154,4830,0.18,39667,108,-0.28,26507,62,1.56,2.19,30758,27,19497,3.88
89,72,-17,Reliance Infrastructure,"Diversified
                                              *",Power,20549,-16.17,19689,11.02,-938,480,0,NAP,2060,112.73,1241,12718,1.01,36968,112,2.54,12564,116,NAP,NAP,5157,171,3004,70.52
90,92,2,MRF,K.M. Mammen,Tyres & Tubes,20490,27.91,19317,19.51,669,219,-47.6,3.27,263,12.76,180,3229,0.23,17768,151,9.7,14032,108,4.88,6.89,18734,67,31873,15.61
91,82,-9,IDFC First Bank,"Diversified
                                              *",Banking,20345,11.91,17173,7.54,132,406,-72.62,0.65,7465,NAP,15702,158502,0,190244,41,16.6,21082,76,0.57,0.07,27804,33,27258,10.98
92,96,4,"Indian Railway Finance Corporation
                                                      ^^",GoI,NBFC,20302,28.73,20299,28.72,6090,39,37.9,30,14075,NAP,303,388440,9.47,429436,18,19.6,40996,44,15.84,5.11,NAVL,NAP,28747,-2.38
93,146,53,Allcargo Logistics,Shashi Kiran Shetty,Transport Logistics,20296,92.06,20072,91.2,926,173,435.41,4.56,120,8.03,644,2317,0.73,5922,273,25.04,3162,290,35.43,27.55,959,362,8401,59.12
94,NAP,R-E 2020,Rail Vikas Nigam,GoI,"Engg, construction",20285,25.13,19382,25.82,1183,139,19.27,5.83,564,47.65,6824,6643,1.04,13335,172,11.5,6397,188,19.66,16.33,324,389,7016,17.81
95,74,-21,LIC Housing Finance,GoI,NBFC,20005,0.63,19978,0.46,2286,84,-16.6,11.43,14151,NAP,985,223757,9.04,248511,30,8.74,24751,67,10.08,7.1,2467,269,20832,-0.62
96,116,20,"Toyota Kirloskar Motor
                                                      ^^ ^",MNC,Auto,19727,48.66,19563,48.41,519,259,0,2.63,45,4.22,4949,3565,1.18,7621,240,5.74,3027,296,18.76,10.05,NAVL,NAP,NAP,NAP
97,111,14,Coromandel International,Murugappa Group,"Fert, Agro Chem",19374,41.18,19111,34.75,1528,113,15,7.89,75,3.51,1753,395,0.06,6777,258,21.91,6358,189,26.56,34.45,5042,175,25996,24.58
98,79,-19,Reliance Capital,"Diversified
                                              *",NBFC,19301,-0.04,19272,0.11,-8116,498,0,NAP,2218,NAP,1570,26839,0,7815,233,-51.42,-19820,498,NAP,NAP,NAVL,NAP,376,-38.71
99,85,-14,Shriram Transport Finance Company,Shriram Group,NBFC,19274,10.54,19255,10.52,2721,74,8.89,14.12,9773,NAP,16355,114846,4.4,140940,49,9.88,26094,63,11.33,9.9,25456,45,34066,-12.79
100,125,25,"Adani Enterprises
                                                      (**)",Adani Group,Wholesale Trade,19218,60.26,14272,22.03,777,202,-15.83,4.04,2526,68.02,3916,41604,1.87,75588,73,106.11,22257,73,2.41,6.57,4508,183,255215,131.52
101,120,19,Chambal Fertilisers & Chemicals,K.K. Birla Group,"Fert, Agrochem",18770,46.19,16069,26.34,1566,111,-5.37,8.34,109,4.81,554,4264,0.66,10741,201,16.89,6400,187,26.89,23.45,1035,358,15495,-8.4
102,138,36,"Intas Pharmaceuticals
                                                      ^",Hasmukh Chudgar,Pharma,18767,11.56,18349,11.52,2679,75,17.01,14.28,112,2.81,2255,2359,0.16,18097,149,-1.79,14681,102,19.99,18.56,NAVL,NAP,NAP,NAP
103,100,-3,Adani Ports & Special Economic Zone,Adani Group,Infra Development,18282,20,15934,26.97,4728,49,-5.33,25.86,2541,29.98,10492,47619,1.24,87625,63,26.88,38083,47,14,10.44,2736,252,160417,17.63
104,99,-5,Zydus Lifesciences,Zydus Family Trust,Pharma,18211,24.68,15265,5.98,4487,51,110.32,24.64,127,3.8,1107,4221,0.25,23658,135,18.96,17000,93,14.85,14.43,23743,49,40037,-12.82
105,127,22,Gujarat State Petronet,Govt of Gujarat,Oil & Gas,18158,55.64,17991,55.96,1638,110,1.96,9.02,112,3.2,108,713,0.09,11443,193,7.18,7919,159,31.18,35.16,263,390,14956,-29.59
106,83,-23,UCO Bank,GoI,Banking,18082,1.19,14981,3.7,965,164,412.03,5.33,8508,NAP,26148,237581,0,267659,28,5.69,20737,79,3.49,0.37,21617,55,14633,-8.18
107,86,-21,Tata Communications,Tata Group,Telecommunication,17099,-1.44,16725,-2.2,1482,118,18.48,8.67,360,8.6,743,9122,9.83,13382,170,-10.15,928,445,35.53,13.3,NAVL,NAP,33558,1.69
108,95,-13,Lupin,D.B. Gupta family,"Drugs, Pharma",16814,6.52,16405,8.19,-1528,490,0,NAP,143,65.25,1098,4158,0.34,17099,153,-13.64,12153,122,NAP,-6.69,19453,65,34056,-25.59
109,98,-11,Exide Industries,Rajan Raheja Group,Storage Batteries,16783,59.97,12789,23.45,4367,53,439.19,26.02,64,4.59,199,520,0.05,11220,194,-53.02,10584,135,48.55,5.72,4229,192,13451,-6.33
110,102,-8,"Bandhan Bank
                                                      ^^","Diversified
                                              *",Banking,16694,14.76,13871,10.75,126,412,-94.3,0.75,5157,NAP,9321,116252,0,139084,50,20.71,17381,91,0.72,0.1,60211,20,47173,-17
111,108,-3,ACC,"MNC
                                              (Adani Group bought Ambuja-ACC in May 2022)",Cement,16544,19.29,16152,17.16,1863,95,30.26,11.26,55,1.86,7524,126,0.01,14653,163,12.55,14309,104,13.8,18.51,6082,150,42178,3.47
112,89,-23,Federal Bank,"Diversified
                                              *",Banking,16502,1.33,14382,0.47,1970,90,18.35,11.94,7959,NAP,21136,201265,0,226601,36,10.37,19251,84,11,0.91,12641,95,21121,36.46
113,119,6,Godrej Industries,Godrej Group,Diversified,16459,26.93,14130,51.39,654,222,95.36,3.97,623,64.94,1824,14565,2.04,27797,124,17.69,7127,173,13.52,9.61,1069,355,17063,-25.86
114,105,-9,Bharat Electronics,GoI,Capital Goods,15880,10.6,15368,8.93,2399,80,14.29,15.11,9,0.26,7564,53,0,14329,166,13.18,12286,121,20.17,23.55,8853,113,59232,63.01
115,107,-8,Shree Cement,H.M. Bangur,Cement,15735,12.81,15010,10.69,2332,82,2.02,14.82,216,5.83,290,2129,0.12,19806,144,10.74,17460,89,14.22,16.54,19464,64,84368,-21.63
116,103,-13,Bank of Maharashtra,GoI,Banking,15674,7.97,13019,9.7,1153,142,101.84,7.36,6974,NAP,19916,210022,0,230796,34,17.24,12485,119,9.77,0.54,12721,94,12321,1.29
117,405,288,Info Edge (India),Sanjiv Bikhchandani%comma% Hitesh Oberoi,Online Classifieds,15399,467.93,1589,40.87,12760,21,800.9,82.86,11,2.56,368,64,0,18123,147,226.99,17241,92,22.04,24.25,4785,177,58540,-37.64
118,110,-8,Piramal Enterprises,Ajay Piramal,Diversified,15373,11.66,13993,9.24,1923,92,44.34,12.51,4480,NAP,7185,55703,1.57,92742,60,23.87,35489,51,5.75,8.46,13561,90,46490,-39.53
119,142,23,Apollo Hospitals Enterprise,Prathap C Reddy family,Healthcare,15108,40.01,14663,38.85,1056,157,601.86,6.99,379,17.33,1036,4068,0.72,10587,204,10.57,5616,205,17.26,16.67,71113,18,63933,4.45
120,117,-3,Kalpataru Power Transmission,Munot family,Capital Goods,15027,13.73,14777,14.12,540,252,-19.48,3.6,522,40.3,1194,3838,0.9,9792,213,14.3,4279,241,9.67,11.21,3072,234,5744,17.89
121,109,-12,Bombay Burmah Trading Corporation,Nusli Wadia,Diversified,14967,8.69,14544,8.57,63,432,-82.84,0.42,252,15.71,4567,5880,1.07,12732,180,27.46,5497,212,14.74,18,3087,232,6812,-19.45
122,112,-10,"Nestle India
                                                      ^^",MNC,FMCG,14892,9.78,14709,10.18,2145,89,3,14.4,201,6,735,266,0.13,5655,280,3.62,2084,354,104.53,55.52,NAVL,NAP,178241,8.61
123,106,-17,Cholamandalam Financial Holdings,Murugappa Group,NBFC,14735,5.55,14644,5.35,1023,162,24.06,6.94,4328,NAP,5448,69229,10.74,82857,66,10.25,6446,185,37.9,10.18,9900,106,12155,-8.53
124,91,-33,"Citibank N. A.
                                                      ^^ ^",MNC,Banks,14660,-5.59,11854,-2.79,3727,62,-8.94,25.42,2636,NAP,52556,183977,0,233265,33,7.55,29818,60,12.85,1.66,NAVL,NAP,NAP,NAP
125,161,36,National Aluminium Company,GoI,Metals & Mining,14595,60.24,14181,58.34,2951,71,127.13,20.22,23,0.51,3706,77,0.01,13334,173,12.84,12552,117,25.41,31.63,5525,160,17368,-26.03
126,122,-4,Torrent Power,Samir & Sudhir Mehta,Power,14525,17.86,14278,17.13,454,280,-64.83,3.13,628,27.42,352,9143,0.92,20534,140,6.31,9943,140,8.73,12.21,7603,132,24770,1.87
127,114,-13,"Ford India
                                                      ^^ ^",MNC,Auto,14449,7.56,10202,-15.39,-4229,496,0,NAP,358,NAP,1062,2477,2.32,3665,358,-28.65,1067,438,NAP,NAP,NAVL,NAP,NAP,NAP
128,NAP,NEW,"Skoda Auto Volkswagen India
                                                      ^^ ^",MNC,Auto,14446,74.07,12410,82.8,208,382,-73.08,1.44,131,NAP,931,2187,0.45,9433,218,37.44,4874,226,3.28,5.14,NAVL,NAP,NAP,NAP
129,113,-16,Britannia Industries,Nusli Wadia,FMCG,14434,7.02,14136,7.61,1525,114,-18.19,10.56,144,6.56,185,2481,0.97,5119,295,-10.97,2558,319,49.66,41.14,4467,184,85575,4.1
130,143,13,Bengal & Assam Company,JK Organisation,Non-banking Financial Services,14344,34.37,13609,30.37,628,230,23.48,4.38,449,NAP,339,5527,1.22,11660,191,10.78,4545,234,7.41,9.72,NAVL,NAP,2869,47.06
131,133,2,Havells India,Anil Rai Gupta,Consumer Durables,14318,28.12,13938,33.29,1196,136,14.57,8.36,67,3.77,2548,438,0.07,6704,260,14.34,6003,196,21.41,26.63,5970,153,78741,-5.28
132,104,-28,"Hongkong & Shanghai Banking Corporation
                                                      ^^ ^",MNC,Banking Services,14301,-1.01,13130,7.75,3191,68,-12.14,22.31,4371,NAP,50884,197584,0,247528,31,7.56,32226,57,10.43,1.34,NAVL,NAP,NAP,NAP
133,149,16,Siemens,MNC,Capital Goods,14209,39.9,13639,37.13,1090,149,41.86,7.67,25,1.62,5159,4,0,11177,195,11.76,10349,139,10.99,14.03,8608,117,88836,31.35
134,155,21,"Rain Industries
                                                      (**)",Jagan Mohan Reddy,Basic Materials,13929,42.67,13228,40.24,580,242,3.94,4.17,479,20.29,1384,8489,1.39,16198,158,0.3,6109,195,11.91,11,160,395,6341,-23.51
135,118,-17,KEC International,RPG Group,Capital Goods,13897,5.76,13742,4.79,332,328,-39.92,2.39,413,43.13,262,3065,0.85,6699,261,23.15,3620,272,10.13,14.09,6038,152,11068,-5.09
136,137,1,Quess Corp,Fairfax%comma% Ajit Isaac,Services,13788,26.33,13692,26.34,241,364,316.78,1.75,82,14.73,512,915,0.38,3725,352,2.7,2438,325,10.5,12.33,3022,236,10000,-37.44
137,NAP,NEW,"Tata Projects
                                                      ^",Tata Group,Infrastructure,13755,11.97,13679,12.24,-620,476,0,NAP,515,NAP,1492,3684,1.83,5753,276,25.37,2018,362,NAP,-4.6,NAVL,NAP,NAP,NAP
138,139,1,Jindal Saw,Savitri Devi Jindal,Iron & Steel,13741,26.43,13298,24.71,412,295,29.14,3,460,32.82,673,6031,0.82,13059,176,8.16,7364,168,5.24,8.29,NAVL,NAP,2925,-30.15
139,166,27,Uflex,Ashok Chaturvedi,Packaging,13601,52.01,13127,47.68,1098,147,30.3,8.08,322,15.12,588,4787,0.71,11583,192,19.51,6696,178,17.95,16.03,6910,140,4357,22.15
140,123,-17,"CESC
                                                      (#)",RP-Sanjiv Goenka Group,Power,13557,10.24,12544,7.84,1358,124,2.04,10.02,1248,41.11,3249,14961,1.44,30601,120,4.74,10396,137,13.85,10.73,6920,139,10759,-8.22
141,141,0,Tata Chemicals,Tata Group,Basic Materials,13497,24.55,12877,21.84,1258,129,390.55,9.32,303,13.2,1310,7025,0.38,27875,123,16.89,18253,88,8.7,7.94,1679,314,24589,26.94
142,150,8,"BASF India
                                                      ^^",MNC,Basic Materials,13415,32.72,13100,37.05,595,238,7.64,4.43,17,1.92,126,122,0.05,2522,403,17.66,2336,335,28.86,33.32,1327,337,12370,-10.59
143,NAP,NEW,"John Deere India
                                                      ^",MNC,Auto,13270,17.76,12678,16.67,955,167,-14.88,7.19,235,15.1,726,4564,0.83,10436,206,41.67,5517,208,18.86,17.19,NAVL,NAP,NAP,NAP
144,169,25,Kama Holdings,Arun Bharat Ram,Textile & Garments,13243,51.48,12503,47.65,957,166,57.99,7.23,115,NAP,537,3651,0.75,12564,182,18.6,4836,227,43.97,34.5,NAVL,NAP,7081,25.1
145,121,-24,NLC India,GoI,Power,13161,5.1,12088,21.62,1093,148,-14.77,8.3,984,24.93,769,22086,1.56,43695,101,-6.56,14189,106,6.06,7.37,4053,198,9546,25.46
146,170,24,APL Apollo Tubes,Rahul Gupta,Iron & Steel,13041,51.67,13063,53.69,557,249,54.73,4.27,44,4.7,376,581,0.26,3138,373,28.29,2264,341,31.27,33.42,1195,343,23888,30.12
147,115,-32,"Standard Chartered Bank
                                                      ^^ ^",MNC,Banking,13034,-2.21,10627,-1.28,4469,52,46.07,34.29,3133,NAP,35543,118467,0,176178,42,0.32,32364,56,14.42,2.54,NAVL,NAP,NAP,NAP
148,153,5,"Godrej & Boyce Mfg.
                                                      ^",Godrej Group,Consumer durables,13022,30.31,12523,23.5,318,334,337.85,2.44,197,24.72,541,3628,0.34,14756,161,5.87,10753,133,1.6,2.78,NAVL,NAP,NAP,NAP
149,163,14,Polycab India,Jaisinghani family,Consumer durables,12858,44.67,12204,38.8,909,175,3,7.07,35,2.79,407,118,0.02,5734,277,12.11,5544,207,17.82,22.64,4431,187,36378,19.91
150,221,71,Tube Investments of India,Murugappa Group,Diversified,12791,104.36,12525,105.9,769,204,179.32,6.01,75,NAP,573,871,0.28,4642,311,-1.35,3071,294,36.82,29.53,3107,230,36754,90.18
151,156,5,"Honda Cars India
                                                      ^^ ^",MNC,Auto,12760,31.77,12443,32.61,230,368,0,1.8,172,17.67,1673,2615,5.41,3733,350,1.24,483,467,23.08,11.17,NAVL,NAP,NAP,NAP
152,126,-26,Tata Consumer Products,Tata Group,FMCG,12605,5.42,12425,7.1,936,171,9.23,7.42,73,4.37,2600,1412,0.09,17988,150,2.51,15120,101,7.28,9.2,2932,239,70457,-5.91
153,136,-17,Adani Transmission,Adani Group,Power,12544,13.6,11258,13.41,1205,134,-1.59,9.6,2365,56.23,1493,29902,3.02,42455,103,9.34,9913,141,13.12,10.28,5105,173,281121,89.77
154,131,-23,Godrej Consumer Products,Godrej Group,FMCG,12483,11.66,12277,11.31,1783,96,3.64,14.29,122,5.22,1108,1704,0.15,13370,171,17.03,11556,129,16.99,18.37,2601,262,86577,-14.95
155,130,-25,Glenmark Pharmaceuticals,Saldanha family,"Drugs, Pharma",12483,11.18,12305,12.44,942,169,-2.92,7.54,298,14.48,1412,3962,0.44,13553,168,10.66,9087,147,14.36,15.77,11550,99,12299,-20.83
156,147,-9,Bosch,MNC,Auto Ancillaries,12453,20.06,11782,21.26,1218,131,152.76,9.78,29,1.98,1706,73,0.01,11116,197,8.01,10680,134,11.88,14.28,6041,151,46840,-4.87
157,162,5,JK Tyre & Industries,JK Organisation,Tyres & Tubes,12374,36.29,11983,31.65,210,381,-34.23,1.7,419,39.05,176,5220,1.83,8924,223,7.58,2848,302,7.26,8.56,2161,289,3232,21.1
158,128,-30,Muthoot Finance,Muthoot family,NBFC,12237,5.77,12185,5.64,4017,59,5.58,32.82,4268,NAP,10315,54569,2.9,73707,75,11.38,18786,86,23.46,13.89,26716,38,50095,-29.01
159,154,-5,Mphasis,MNC,Infotech,12122,23,11961,23.03,1431,123,17.59,11.8,74,3.51,949,527,0.08,8302,228,7.33,6943,176,21.25,24.79,14098,87,50893,-39.14
160,144,-16,Dalmia Bharat,Dalmia Bharat Group,Diversified,11542,12.81,11286,11.63,1144,145,-2.31,9.91,202,8.41,160,3176,0.2,19275,146,13.03,15687,98,8.2,7.49,5652,156,30432,-20.08
161,164,3,Kalyan Jewellers India,T.S. Kalyanaraman,Gems & jewellery,11439,27.28,10818,26.18,224,371,0,1.96,360,42.27,777,4029,1.28,7202,248,3.74,3137,291,7.51,9.32,7803,128,7253,33.88
162,210,48,Bharat Forge,Baba Kalyani,Auto Ancillaries,11424,75.08,10461,65.1,1082,150,0,9.47,160,8.45,603,5972,0.91,13107,174,16.46,6571,182,15.42,11.01,4079,196,33229,6.6
163,159,-4,Alkem Laboratories,Singh family,"Drugs, Pharma",11332,20.15,10634,19.96,1646,108,3.82,14.52,52,2.57,2579,2668,0.31,11856,186,23.38,8638,151,20.98,18,16966,74,39245,-15.32
164,180,16,NCC,AVS Raju & Associates,"Engg, Construction",11308,41.04,11138,40.11,482,271,79.8,4.27,478,46.7,601,1302,0.23,7282,245,-4.29,5603,206,6.29,12.74,5109,172,4146,7.23
165,151,-14,Dabur India,Burman family,FMCG,11290,11.85,10889,13.88,1739,98,2.71,15.4,39,1.78,570,1030,0.12,9520,217,15.06,8381,153,21.72,26.05,8562,119,97846,-6.44
166,176,10,HCC,Ajit Gulabchand,Construction,11169,32.7,10670,29.35,400,298,0,3.58,1030,87.88,1542,2018,0,2912,384,-43.52,-785,484,37.97,23.85,1105,352,2138,48.14
167,160,-7,Eicher Motors,Vikram Lal,Auto,10947,16.33,10298,18.09,1677,106,24.48,15.32,19,0.86,2722,108,0.01,13070,175,10,12608,114,13.94,17.8,4784,178,77663,51.22
168,213,45,Dixon Technologies,Sunil Vachani,Consumer Durables (Ancillaries),10811,68.05,10697,65.89,190,389,19.01,1.76,49,12.86,182,667,0.67,1693,457,62.59,997,442,21.95,22.24,19580,63,25862,-14.85
169,145,-24,RBL Bank,"Diversified
                                              *",Banking,10796,2.33,8445,-2.66,-166,461,0,NAP,4148,NAP,17557,90104,0,106163,56,5.51,12530,118,NAP,-0.16,9257,107,7863,-26.91
170,165,-5,Marico,Harsh Mariwala,FMCG,10763,20.81,10549,19.21,1225,130,4.52,11.38,39,2.32,579,479,0.14,3912,342,3.11,3348,282,38.1,42.98,1657,316,66336,-7.15
171,224,53,Shyam Metalics & Energy,M.P. Agarwal,Metals,10635,69.56,10394,65.06,1725,100,104.49,16.22,23,0.89,326,543,0.09,6579,264,41.25,5835,202,36.42,42.53,3685,207,8107,-8.04
172,NAP,NEW,"Star Health & Allied Insurance
                                                      ^^","Diversified
                                              *",Financial Services,10610,110.07,10602,109.93,-1041,484,0,NAP,0,NAP,564,720,0.16,5351,290,42.99,4620,232,NAP,NAP,NAVL,NAP,40825,-21.42
173,172,-1,Aster DM Healthcare,Azad Moopen,Healthcare,10481,22.59,10253,19.11,526,255,256.02,5.02,307,20.02,380,4907,1.24,9787,214,7.91,3953,251,16.19,10.51,25806,42,9983,34.64
174,NAP,R-E 2020,"Tata Capital
                                                      ^",Tata Group,NBFC,10362,3.75,10051,2.19,1648,107,46.4,15.91,4889,NAP,2136,85233,6.65,99179,59,24.02,11713,127,16.61,8.17,NAVL,NAP,NAP,NAP
175,178,3,DCM Shriram,Ajay Shriram%comma% Vikram Shriram,Diversified,10348,24.22,9879,14.75,1067,154,58.53,10.31,85,4.75,1607,1577,0.29,7340,243,14.25,5502,210,21.01,23.98,5357,164,16043,6.74
176,223,47,Vardhman Textiles,Paul Oswal,Textiles & Garments,10292,63.49,9622,56.72,1547,112,273.33,15.03,100,4.39,122,1983,0.26,9862,212,12.44,7704,161,21.89,23.64,27599,35,11312,-14.92
177,158,-19,Cholamandalam Investment & Finance Company,Murugappa Group,NBFC,10232,6.14,10148,5.89,2154,88,41.6,21.05,4298,NAP,4302,69174,5.88,80943,68,10.38,11769,124,20.21,9.34,9125,110,55093,20.91
178,191,13,Pidilite Industries,B.K. Parekh,FMCG,10214,36.29,9921,36.04,1208,133,6.75,11.82,42,2.28,355,416,0.06,7110,252,14.03,6404,186,20.12,25.66,7622,129,123961,9.9
179,135,-44,NHPC,GoI,Power,10214,-6.7,9219,-4.63,3524,64,7.7,34.5,586,14.66,1958,26096,0.75,71088,77,9.03,34921,53,11.11,5.83,5092,174,32936,41.49
180,157,-23,SIS,R. K. Sinha & Associates,Services,10117,5.36,10059,10.21,325,331,-11.04,3.21,98,19.73,738,1451,0.7,3695,356,7.19,2071,359,16.71,12.39,143894,7,6856,-6.68
181,251,70,"Gokul Agro Resources
                                                      (**)",K.J. Thakkar,Food & Agri Products,9947,45,9714,39.93,123,413,175.03,1.24,56,25,330,305,0.65,777,495,41.8,470,468,31.9,32.01,NAVL,NAP,1205,129.98
182,179,-3,United Spirits,MNC,"Beer, Alcohol",9831,21.81,9712,19.44,829,191,116.01,8.43,88,6.1,60,605,0.12,5495,285,7.42,4954,223,14.59,18.56,3145,227,61846,-7.95
183,218,35,Apar Industries,Kushal Desai,Basic Materials,9694,52.39,9320,45.9,257,359,59.96,2.65,171,29.54,267,320,0.19,2051,435,18.11,1715,392,16.48,27.08,1428,330,3378,123.92
184,227,43,"National Stock Exchange Of India
                                                      ^","Diversified
                                              *",Securities Trading & Broking,9681,20.03,8929,58.75,5195,44,45.37,53.66,0,NAP,16323,115,0.01,20023,143,28.6,15410,100,38.44,38.85,NAVL,NAP,NAP,NAP
185,199,14,Divis Laboratories,Murali K Divi,"Drugs, Pharma",9598,34.97,8960,28.56,2960,70,49.19,30.85,2,0.05,2819,4,0,11759,188,26.1,11728,126,28.16,34.96,16543,78,108987,-30.52
186,148,-38,Dilip Buildcon,Dilip Suryavanshi,"Engg, Construction",9593,-6.51,9566,-5.92,-549,474,0,NAP,1057,147.87,583,8783,2.47,12953,178,-13.51,3551,275,NAP,2.57,22694,51,4482,-63.97
187,189,2,Ceat,RPG Group,Tyres & Tubes,9592,26.28,9363,23.05,71,430,-83.52,0.74,210,30.02,36,2229,0.68,5609,282,13.76,3273,286,2.59,6.26,7622,129,4766,24.33
188,239,51,Macrotech Developers,M.P. Lodha,Real estate,9580,65.99,9233,69.46,1202,135,"2,893.95",12.55,688,32.26,1246,11537,0.95,24084,133,1.37,11672,128,15.26,10.37,3359,217,53971,-14
189,194,5,Nuvoco Vistas Corporation,Karsanbhai Patel,Cement,9534,28.91,9318,24.43,32,443,0,0.34,570,38.08,149,5575,0.63,14565,164,-4.56,8821,148,0.4,4.16,2867,242,14027,-25.27
190,241,51,Hinduja Global Solutions,Hinduja Group,Infotech,9514,210.15,3264,25.44,6104,38,"1,716.26",64.15,28,76.54,3521,308,0.04,8149,230,133.6,7808,160,125.01,2.5,21608,56,5291,0.13
191,190,-1,Welspun India,B.K. Goenka,Textiles & Garments,9501,25.59,9311,26.86,601,235,11.39,6.33,131,9.66,266,3304,0.83,7758,235,10.6,3972,250,15.93,13.79,19905,62,9929,-45.09
192,192,0,Gujarat State Fertilizers & Chemicals,Govt of Gujarat,"Fert, Agro Chem",9441,25.98,9083,18.98,899,177,99.63,9.52,10,0.74,336,6,0,12153,184,22.38,11772,123,8.55,12,3145,227,5614,-7.56
193,188,-5,Varun Beverages,Ravi Jaipuria,"Food, Agri Products",9343,22.79,9175,21.45,694,214,110.96,7.43,207,12.34,337,3356,0.82,7793,234,10.79,4080,246,19.62,16.57,7965,127,49661,71.46
194,200,6,Berger Paints India,Dhingra brothers,FMCG,9212,30.56,8762,28.52,833,188,15.71,9.04,51,3.81,313,1014,0.26,5041,297,23.2,3927,255,22.81,25.73,3931,200,65783,-21.92
195,282,87,Aditya Birla Fashion & Retail,Aditya Birla Group,Retail Trade,9180,95.01,8136,55.01,-109,459,0,NAP,389,34.19,121,4100,1.48,7653,239,9.67,2773,307,NAP,NAP,28541,30,26811,30.49
196,NAP,R-E 2020,"Nirma
                                                      ^",Karsanbhai Patel,FMCG,9164,20.68,8963,20.6,354,318,-27.81,3.87,319,20.72,1098,3463,0.43,11925,185,-12.13,8111,156,4.49,6.43,NAVL,NAP,NAP,NAP
197,134,-63,"Sidbi
                                                      ^^ ^",GoI,NBFC,9139,-18.15,8714,-14.75,1958,91,-18.37,21.42,5702,NAP,17918,216591,0,247379,32,28.63,24583,69,8.54,0.89,NAVL,NAP,NAP,NAP
198,195,-3,Amara Raja Batteries,R.N. Galla,Storage Batteries,9097,24.53,8697,21.64,513,261,-20.76,5.63,15,1.47,54,126,0.03,4850,304,8.83,4552,233,11.7,15.18,9911,105,9443,-26.38
199,152,-47,Indiabulls Housing Finance,"Diversified
                                              *",NBFC,8994,-10.33,8988,-10.1,1178,140,-1.98,13.09,6242,NAP,9653,61359,3.68,78033,71,-8.13,16674,95,7.18,9.57,4603,182,7414,-40.94
200,230,30,Balkrishna Industries,Arvind Poddar,Tyres & Tubes,8991,47.4,8295,43.44,1435,121,21.9,15.97,9,0.47,52,2529,0.36,9520,216,34.82,6933,177,22.2,24.02,3229,222,41459,-20.86
201,225,24,PDS,D.K. Seth,Textiles,8976,43.47,8828,42.1,248,362,194.6,2.77,39,11.82,665,740,0.85,1694,456,31.08,872,450,38.55,24.49,144,396,4284,9.14
202,181,-21,"Gemini Edibles & Fats India
                                                      (**) ^^ ^",MNC,Food & Agri Products,8933,23.47,8453,20.2,757,207,32.7,8.48,49,4.92,1215,755,0.35,2888,387,19.2,2133,349,40.32,40.2,NAVL,NAP,NAP,NAP
203,257,54,Gujarat Narmada Valley Fertilizers & Chemicals,Govt of Gujarat,Fertilisers & agrochem,8833,66.74,8642,68.51,1710,102,145.41,19.36,3,0.15,1182,2,0,8945,221,27.13,7990,158,24.24,28.8,2401,274,9721,44.58
204,168,-36,Jammu and Kashmir Bank,Diversified,Banking,8803,-0.1,8013,-1.21,495,268,15.5,5.62,4101,NAP,8792,117074,0,130576,52,8.57,7127,172,7.79,0.39,12977,91,3159,-2.94
205,428,223,"LifeStyle International
                                                      ^^ ^",Micky Jagtiani,Retail,8775,59.05,7806,42.68,269,352,0,3.07,443,34.23,36,0,0,5283,291,7.79,1358,415,22.01,16.01,NAVL,NAP,NAP,NAP
206,198,-8,JSW Energy,Savitri Devi Jindal,Power,8744,21.84,8167,17.98,1729,99,117.31,19.77,777,21.77,1134,8943,0.51,26968,126,14.12,17415,90,10.92,11.92,1603,320,49000,-0.23
207,187,-20,Biocon,Kiran Mazumdar-Shaw,"Drugs, Pharma",8653,12.38,8184,14.57,648,224,-12.44,7.49,68,4.09,1748,5147,0.61,17440,152,11.19,8432,152,10.58,7.38,3203,225,40329,-22.52
208,232,24,Mahindra CIE Automotive,MNC,Auto Ancillaries,8648,44.67,8387,38.62,393,303,269.27,4.54,53,5.3,160,1282,0.25,7069,255,-1.91,5197,218,7.78,10.06,NAVL,NAP,8853,10.22
209,177,-32,Torrent Pharmaceuticals,Samir & Sudhir Mehta,"Drugs, Pharma",8631,3.48,8508,6.29,777,201,-37.92,9,255,13.1,403,4070,0.68,10401,207,-6.25,5953,198,18.26,18.2,12923,92,49426,16.62
210,269,59,Arvind,Sanjay Lalbhai,Textiles & Garments,8606,73.4,8034,58.36,238,365,0,2.77,197,24.76,77,1865,0.63,4967,301,-0.64,2951,299,8.52,11.65,25460,44,2915,-34.63
211,182,-29,G R Infraprojects,VK Agarwal & Associates,Construction,8531,7.73,8458,7.83,832,189,-12.87,9.75,420,24.23,1095,5282,1.1,10093,209,18.53,4811,228,18.93,16.33,17735,69,14393,-38.07
212,212,0,Uno Minda,Nirmal Minda,Auto Ancillaries,8457,30.34,8313,30.43,356,317,72.19,4.21,62,7.04,234,944,0.27,4885,303,23.77,3438,277,12.2,13.58,5766,155,28738,38.81
213,NAP,NEW,"Mankind Pharma
                                                      ^",Juneja brothers,Pharma,8442,27.05,7782,25.22,1433,122,13.28,16.98,60,3,406,873,0.14,7290,244,40.6,6155,193,26.72,33.43,NAVL,NAP,NAP,NAP
214,184,-30,"Deutsche Bank
                                                      ^^ ^",MNC,Banking,8382,11.05,6836,6.28,1474,119,-3.47,17.58,2380,NAP,21246,112221,0,147955,45,14.31,20845,77,7.33,1.06,NAVL,NAP,NAP,NAP
215,171,-44,"Export-Import Bank of India
                                                      ^^ ^",GoI,Banking,8363,-2.48,7976,-0.04,738,210,190.42,8.82,4889,NAP,3273,107477,0,136742,51,1.44,19301,83,3.97,0.54,NAVL,NAP,NAP,NAP
216,235,19,Jain Irrigation Systems,Bhavarlal Jain family,Capital Goods,8327,40.82,7580,26.5,325,332,0,3.9,558,79.2,391,6733,1.85,10636,202,4.6,3656,269,-5.06,3.8,6654,143,2300,-20.17
217,193,-24,Voltas,Tata Group,Diversified,8302,11.21,7934,5.01,504,265,-4.01,6.07,26,4.53,572,373,0.07,6039,272,11.69,5500,211,9.64,12.72,2576,264,36407,-29.28
218,NAP,NEW,Paradeep Phosphates,K.K. Birla Group,Fertilisers & Agrochem,8292,67.24,7859,52.16,398,300,78.46,4.81,86,12.75,598,2954,1.33,5209,294,68.1,2225,345,19.66,14.94,930,364,4242,35.04
219,219,0,Supreme Industries,Taparia family,Plastic Products,8209,28.93,7773,22.31,968,163,-0.99,11.8,5,0.41,526,46,0.01,3918,341,21.18,3844,262,27.62,34.59,5228,166,25717,-5.18
220,206,-14,J K Cements,JK Group,Cement,8157,21.62,7991,20.96,687,216,-3.18,8.42,270,18.2,325,4115,0.95,8934,222,14.84,4325,240,16.85,15.29,3941,199,21401,-19.65
221,261,40,Indraprastha Gas,GoI,Oil & Gas,8116,56.63,7710,56.05,1502,115,28.12,18.51,25,1.31,1362,108,0.01,7737,236,19.24,7586,166,21.58,27.81,NAVL,NAP,28297,-9.13
222,183,-39,"Punjab & Sind Bank
                                                      ^^",GoI,Banking,8055,2.26,7096,1.75,1039,161,0,12.9,4445,NAP,6288,104581,0,121158,54,9.58,13091,112,10.12,0.9,8735,115,8876,-6.61
223,204,-19,Concor,GoI,Logistics,8041,17.8,7770,19.09,1055,158,108.83,13.12,63,3.6,2918,731,0.07,11695,189,4.73,10756,132,10.05,12.86,NAVL,NAP,40031,21.51
224,238,14,Deepak Fertilizers,C.K. Mehta,Fertilisers & agrochem,7886,36.6,7663,31.93,678,217,69.44,8.6,155,11.42,289,2656,0.68,6783,257,23.24,3884,258,20.87,19.34,942,363,7689,138.83
225,202,-23,NBCC (India),GoI,"Engg, Construction",7875,10.96,7691,10.6,224,370,-0.59,2.85,9,8.51,5647,0,0,2382,413,6.55,1768,383,17.16,18.51,1367,335,6779,-26.98
226,254,28,Ircon International,GoI,Engineering & Construction,7811,46.64,7380,37.94,592,239,51.47,7.58,69,11.73,5513,1399,0.3,6816,256,24.17,4666,231,13.06,12.31,NAVL,NAP,3938,-1.59
227,247,20,Surya Roshni,J.P. Agarwal,Diversified,7776,40.1,7731,39.01,205,384,29.44,2.64,64,14.37,1,593,0.38,2216,424,2.08,1548,402,14.06,15.51,3357,218,2532,-34.73
228,NAP,R-E 2020,"Jayaswal Neco Inds.
                                                      ^^",Arbind Jayaswal,Metals,7765,112.45,5959,60.82,2247,85,0,28.94,459,35.3,485,3845,2.1,5679,278,130.22,1833,379,75.9,22.79,4119,194,2434,-22.15
229,175,-54,Reliance Power,Anil Ambani,Power,7695,-8.61,7503,-5.43,-606,475,0,NAP,2349,86.32,645,23114,1.85,39278,109,-5.24,12463,120,NAP,NAP,8093,124,4859,14.86
230,207,-23,Endurance Technologies,Anurang Jain,Auto Ancillaries,7685,16.54,7549,15.31,461,277,-11.35,6,6,0.68,403,430,0.11,4419,319,3.12,3920,257,12.31,13.61,3588,212,20190,-26.34
231,NAP,R-E 2018,Alok Industries,Mukesh Ambani & JM Financial,Textiles & Garments,7632,-17.37,7310,89.98,-209,465,0,NAP,476,84.43,59,24102,0,6476,265,-1.13,-17907,497,NAP,NAP,26231,39,11357,-32.29
232,173,-59,"South Indian Bank
                                                      ^^","Diversified
                                              *",Banking,7620,-10.71,6587,-9.84,45,436,-27.62,0.59,4347,NAP,11203,92436,0,100191,57,6.3,5854,201,0.76,0.05,9219,108,1802,44.67
233,205,-28,Birla Corporation,M.P. Birla Group,Cement,7588,11.42,7461,9.96,399,299,-36.75,5.25,243,22.65,138,4326,0.72,11167,196,6.87,5103,221,8.16,7.86,NAVL,NAP,8650,-37.72
234,237,3,Kansai Nerolac Paints,MNC,FMCG,7532,27.65,7214,25.33,359,315,-32.26,4.76,29,4.4,106,203,0.05,4469,316,2.97,4132,244,8.38,11.54,3105,231,26286,-11.7
235,201,-34,Escorts Kubota,MNC,Auto,7523,6.79,7238,3.19,736,211,-15.49,9.79,15,1.62,272,52,0.01,7726,237,48.93,7600,164,11.65,15.6,3823,203,23163,32.69
236,208,-28,Jaiprakash Associates,Jaiprakash Gaur,Diversified,7453,14.03,7034,9.81,-1478,489,0,NAP,1069,NAP,481,19097,225.57,26817,128,-1.55,85,479,NAP,NAP,5893,154,2253,11.58
237,140,-97,Edelweiss Financial Services,Rashesh Shah & Associates,Securities Trading,7401,-31.78,7243,-32.78,189,390,-28.85,2.55,2984,NAP,3039,22711,3.47,30303,121,-16.09,6537,183,3.23,10,NAVL,NAP,5855,-23.27
238,236,-2,PNC Infratech,P.K. Jain,Engineering & Construction,7297,23.78,7208,24.54,580,241,16.65,7.95,425,27.75,747,4793,1.32,9376,220,11.68,3628,271,17.37,13.86,8796,114,6857,-20.68
239,287,48,Aarti Industries,Chandrakant Gogri,Basic Materials,7262,59.25,7000,55.34,1307,127,149.72,18,114,5.93,257,2594,0.44,8733,224,32.65,5914,199,27.77,21.45,NAVL,NAP,31277,-18.65
240,233,-7,"ABB India
                                                      ^^",MNC,Capital Goods,7248,21.41,6934,19.12,520,258,137.07,7.17,19,3.39,2688,37,0.01,4137,330,12.72,4045,248,11.3,15.64,4075,197,51911,46.77
241,222,-19,"Hexaware Technologies
                                                      ^",MNC,Infotech,7245,15.05,7178,14.62,749,209,20.49,10.34,37,3.29,1201,50,0.01,4270,324,7.51,3788,265,21.32,23.75,17569,72,NAP,NAP
242,185,-57,Karnataka Bank,"Diversified
                                              *",Banking,7176,-6.04,6222,-0.17,508,263,5.29,7.08,3731,NAP,4437,82701,0,92130,61,7.47,6635,179,7.93,0.57,8520,121,2127,45.91
243,229,-14,"Barclays Global Service Centre
                                                      ^^ ^",MNC,IT services,7128,16.13,7052,16.65,591,240,3.64,8.29,149,12.05,630,950,1.37,2821,389,-7.34,693,458,69.61,32.52,NAVL,NAP,NAP,NAP
244,268,24,Polyplex Corporation,Sanjiv Saraf,Packaging,7113,41.68,6624,34.69,569,245,11.13,8,17,1.26,906,946,0.29,6289,268,13.86,3316,284,30.29,28.9,NAVL,NAP,6596,3.99
245,286,41,Trident,Rajinder Gupta,Textiles & Garments,7107,55.78,6998,54.45,834,187,173.91,11.73,86,5.7,292,1597,0.42,5445,286,11.35,3845,261,23.25,23.27,14998,85,23747,-10.59
246,228,-18,Shriram City Union Finance,Shriram Group,NBFC,7077,14.86,7073,14.99,1152,143,8.3,16.27,2829,NAP,6842,34541,3.72,43992,100,18.05,9278,144,13.19,10.87,27997,31,11921,-13.94
247,249,2,"India Yamaha Motor
                                                      ^",MNC,Auto,7061,28.18,6884,29.32,38,442,0,0.54,33,7.67,14,500,0.24,2716,394,0.23,2073,358,1.62,6.18,NAVL,NAP,NAP,NAP
248,NAP,NEW,Delhivery,Diversified,7041,83.45,6882,88.74,-1011,482,0,NAP,100,NAP,229,1102,0.18,7097,254,78.52,5957,197,NAP,NAP,NAVL,NAP,40122,-35.91,
249,231,-18,IIFL Finance,Nirmal Jain & Associates,Diversified financial services,7006,16.97,6970,16.79,1188,138,56.28,16.95,3016,NAP,8157,36086,5.58,42556,102,12.06,6464,184,20.05,11.31,15306,83,12398,24.53
250,196,-54,Hudco,GoI,NBFC,6998,-3.85,6986,-3.86,1716,101,8.74,24.53,4533,NAP,644,61503,4.25,75970,72,2.43,14467,103,12.41,9.16,703,367,7473,-7.67
251,295,44,Deepak Nitrite,C.K. Mehta,Basic Materials,6941,58.07,6802,56.02,1067,155,37.49,15.37,36,2.26,42,315,0.09,3675,357,24.42,3338,283,37.52,44.37,1601,321,29051,0.84
252,215,-37,"AU Small Finance Bank
                                                      ^^",Sanjay Agarwal,Small finance bank,6915,8.55,5922,19.63,1130,146,-3.49,16.34,2688,NAP,5929,58575,0,69078,79,33.89,7514,167,16.39,1.87,27817,32,39283,-2.25
253,245,-8,"Culver Max Entertainment
                                                      ^",MNC,Media & Entertainment,6868,20.03,6746,20.52,938,170,61.02,13.65,20,1.48,2913,0,0,7686,238,12.28,7224,170,13.89,17.79,NAVL,NAP,NAP,NAP
254,197,-57,Prestige Estates Projects,Irfan Razack,Real Estate,6843,-19.39,6390,-11.77,1150,144,-58.67,16.81,555,36.61,2171,7250,0.78,17098,154,27.6,9095,146,6.55,8.44,1124,349,18180,1.66
255,242,-13,RPSG Ventures (#),RP-Sanjiv Goenka Group,IT services,6792,19.9,6670,19.12,131,408,0,1.93,209,23.65,232,2807,1.11,10865,199,108.1,2524,321,14.46,10.85,NAVL,NAP,1615,-37.33
256,373,117,Raymond,Gautam Singhania,6684,113.02,6179,79.27,260,357,0,3.9,228,50.73,336,2327,0.99,4924,302,3.41,2359,332,16.53,12.73,6270,147,5597,157.71,
257,280,23,Cummins India,MNC,Capital Goods,6676,40.03,6171,41.53,934,172,47.04,13.99,12,1.37,1427,418,0.08,5674,279,18.36,5145,220,16.61,20.31,3644,209,29164,50.23
258,226,-32,Welspun Corp,B.K. Goenka,Iron & Steel,6603,-9.12,6505,-9.05,439,285,-42.83,6.65,102,21.87,701,1655,0.34,6733,259,16.78,4428,237,4.95,6.59,1452,328,5169,72.6
259,272,13,Team Lease Services,Sabharwal%comma% Reddy,Recruitment Consulting,6504,32.3,6480,32.74,38,441,-50.41,0.59,4,6,293,60,0.09,884,491,14.54,693,459,15.16,14.43,1138,346,6301,-38.94
260,262,2,Ashoka Buildcon,Parakh%comma% Katariya families,"Engg, Construction",6484,26.17,5946,19.11,779,200,181.86,12.01,1004,57.82,729,3633,2.63,12637,181,18.69,1381,414,43.4,13.87,2030,297,2437,-28.58
261,283,22,Coforge,MNC,Infotech,6484,38.09,6432,37.94,662,221,45.24,10.21,65,5.9,454,490,0.18,3758,348,40.81,2733,309,27.49,29.28,20598,59,26054,-24.13
262,252,-10,Prism Johnson,Rajan Raheja Group,Cement,6457,18.64,6306,12.87,92,422,-46.41,1.42,193,36.32,374,1741,1.32,3966,339,-1.22,1323,419,2.91,7.1,5195,168,6158,0.82
263,307,44,Suzlon Energy,Tulsi Tanti,Capital Goods,6447,52.75,6582,96.72,-200,464,0,NAP,735,82.58,500,4242,0,3056,377,-15.82,-3526,493,NAP,NAP,1592,322,8361,22.19
264,186,-78,Whirlpool of India,MNC,Consumer Durables,6443,5.45,6197,5.03,566,246,60.98,8.79,16,3.82,1616,134,0.04,3897,344,22.92,3358,280,9.25,9.87,2668,256,21975,-25.34
265,274,9,Thermax,Anu Aga,Capital Goods,6398,30.27,6128,27.91,312,338,51.18,4.88,25,5.97,954,368,0.11,3998,334,7.24,3492,276,9.26,11.27,3758,204,23837,62.12
266,301,35,Jindal Poly Films,Bhavesh Jindal,Packaging,6358,49.02,5878,43.98,1196,137,51.25,18.81,32,2.24,120,1203,0.31,5634,281,40.26,3833,263,36.95,34.57,1740,307,4546,-10.12
267,209,-58,"Karur Vysya Bank
                                                      ^^","Diversified
                                              *",Banking,6357,-0.51,5588,2.14,673,218,87.34,10.59,2872,NAP,4926,70015,0,80149,69,7.26,7596,165,9.25,0.87,6761,142,4436,121.65
268,250,-18,IRB Infrastructure Developers,Virendra Mhaiskar,Infra Development,6355,15.82,5804,9.53,361,314,208.49,5.69,1894,73.56,1744,16697,1.33,40818,105,7.16,12566,115,3.71,6.19,NAVL,NAP,12949,-0.97
269,303,34,Fortis Healthcare,MNC,Healthcare,6344,48.89,5931,42.34,555,250,0,8.75,147,13.74,413,1255,0.2,10456,205,4.94,6178,191,7.45,7.75,2861,243,20195,14.4
270,240,-30,"Hatsun Agro Product
                                                      ^^",R. G. Chandramogan,FMCG,6329,10.89,6370,14.76,218,374,-11.54,3.44,107,15.43,40,1939,1.75,3067,375,15.64,1109,432,20.46,13.64,5541,158,23320,-31.04
271,214,-57,Shree Renuka Sugars,MNC,Sugar,6278,-2.33,6433,13.88,-139,460,0,NAP,393,99.92,76,5234,0,4683,309,22.39,-1775,490,NAP,NAP,1962,301,9110,110.69
272,267,-5,Sterlite Technologies,Anil Agarwal,Capital Goods,6223,23.9,5754,19.25,62,433,-77.51,1,241,45.13,530,3476,1.78,5585,283,9.32,1957,368,2.93,5.45,2691,254,7967,-39.58
273,217,-56,Jubilant Pharmova,Jubilant Bhartia Group,Pharma,6204,-2.6,6130,0.52,414,293,-50.48,6.67,145,12.69,984,3192,0.6,8612,226,11.96,5319,216,8.21,9.52,3627,210,6953,-38.99
274,NAP,NEW,PNB Housing Finance,GoI,NBFC,6201,-18.67,6196,-18.52,836,186,-10.05,13.49,4065,NAP,5216,53005,5.37,62877,81,-7.96,9872,142,8.9,7.85,1425,331,6869,-9.74
275,288,13,JSW Ispat Special Products,Savitri Devi Jindal,Metals,6180,36.24,6061,44.72,1,451,-99.29,0.02,271,57.38,139,2699,1.94,4148,329,3.65,867,452,0.03,2.14,2076,292,1440,-0.69
276,285,9,Mazagon Dock Shipbuilders,GoI,6144,32.92,5733,41.64,611,232,18.87,9.94,15,3.49,11480,12,0,4593,313,5.45,3858,259,15.45,17.08,1013,359,6341,152.24,
277,234,-43,DLF,K.P. Singh family,Real Estate,6138,3.25,5717,5.6,1501,116,37.24,24.45,625,41.14,932,4182,0.12,41741,104,-4.14,36362,48,2.78,4.7,223,393,91431,-4.98
278,300,22,Blue Star,Ashok Advani,Consumer Durables,6133,42.71,6046,41.8,168,398,67.13,2.73,46,13.39,270,554,0.54,1604,463,13.12,1018,441,17.66,19.72,2533,265,9961,25.69
279,216,-63,Manappuram Finance,V.P. Nandakumar,NBFC,6126,-3.9,6061,-4.26,1328,125,-22.96,21.68,2011,NAP,2697,24816,2.97,33201,118,8.21,8368,154,16.95,11.89,26970,37,10487,-44.24
280,309,29,KEI Industries,Anil Gupta,Basic Materials,6067,48.39,5727,36.95,376,311,39.5,6.2,40,6.86,360,355,0.17,2500,404,18.15,2136,348,19.24,23.74,1685,311,11000,71.54
281,NAP,NEW,"Sterlite Power Transmission
                                                      ^",Anil Agarwal,Power Services,6065,58.65,5197,148.4,440,284,-49.4,7.26,426,153.39,1350,2198,1.29,4428,318,5.3,1691,394,-7.22,7.2,NAVL,NAP,NAP,NAP
282,220,-62,"Emcure Pharmaceuticals
                                                      ^",Satish & Sunil Mehta,Drugs & Pharmaceuticals,6064,12.91,5855,16.33,703,213,67.84,11.59,176,13.23,308,2077,1.05,4416,320,-11.07,1988,366,32.98,25.08,NAVL,NAP,NAP,NAP
283,342,59,"IVL Dhunseri Petrochem Industries
                                                      ^^ ^",Indorama%comma% Dhunseri,Chemicals,6054,72.12,5933,72.13,328,329,67.44,5.42,36,6.6,69,371,0.31,1564,465,-3.04,1181,426,29.19,33.95,NAVL,NAP,NAP,NAP
284,258,-26,The Ramco Cements,P.R. Venketrama Raja,Cement,6038,14.47,6004,13.47,881,180,12.49,14.6,113,8.76,178,3950,0.6,10626,203,19.51,6619,180,14.46,9.4,3326,220,18863,-32.27
285,244,-41,Ipca Laboratories,Premchand Godha,"Drugs, Pharma",6026,6.14,5830,7.56,884,179,-22.45,14.67,11,0.85,641,807,0.15,6421,267,27.85,5492,213,17.87,20.21,15155,84,24770,-14.64
286,NAP,R-E 2012,Chemplast Sanmar,Sanmar Holdings,Basic Materials,5966,39.67,5892,55.1,649,223,58.17,10.87,322,26.87,1229,882,0.52,2677,396,44.2,106,477,-73.73,157.49,1074,354,8178,-42.48
287,129,-158,Varroc Engineering,Tarang Jain & Others,Auto Ancillaries,5932,29.04,5844,33.62,-1110,485,0,NAP,118,NAP,118,1625,0.82,3714,355,-47.49,1989,365,NAP,NAP,3356,219,5289,6.1
288,325,37,"Schaeffler India
                                                      ^^",MNC,Auto Ancillaries,5866,55.6,5561,47.81,629,229,116.21,10.72,5,0.5,1416,61,0.02,3718,354,15.68,3654,270,18.52,24.47,NAVL,NAP,35051,84.93
289,299,10,Persistent Systems,Anand Deshpande,Infotech,5855,36.29,5711,36.36,690,215,53.19,11.79,12,1.24,914,578,0.17,4180,326,43.23,3368,279,22.4,26.38,15422,82,29955,-8.05
290,297,7,United Breweries,MNC,"Beer, Alcohol",5845,34.13,5838,37.6,365,313,222.79,6.25,15,2.12,910,10,0,3978,338,3.05,3935,252,9.74,13,2837,244,41588,-0.55
291,211,-80,Bajaj Hindusthan Sugar,Shishir Bajaj,Sugar,5817,-10.44,5576,-16.36,-268,469,0,NAP,254,153.73,52,4817,2.13,7187,249,-8.95,2259,342,NAP,NAP,7617,131,1752,-23.53
292,NAP,NEW,"Motherson Sumi Wiring India
                                                      ^^",Vivek Chaand Sehgal,Auto Ancillaries,5764,44.61,5635,43.1,411,296,3.66,7.13,29,4.29,293,283,0.25,1440,475,68.03,1115,431,82,57,2871,241,23717,41.31
293,350,57,Electrosteel Castings,P.K. Khaitan,Iron & Steel,5724,66,5281,52,347,322,0,6.07,195,27.9,519,2967,0.72,7210,247,19.91,4103,245,8.9,9.67,2879,240,2064,22.12
294,253,-41,ISGEC Heavy Engineering,Ranjit Puri,Capital Goods,5711,6.38,5499,1.36,109,416,-56.1,1.91,88,26.3,136,1233,0.58,3742,349,10.15,2121,351,5.55,7.05,2826,246,3969,-25.35
295,304,9,Sonata Software,Rajan Raheja Group,Infotech,5655,32.88,5553,31.34,376,310,54.3,6.66,18,3.89,770,159,0.15,1333,480,18.94,1099,434,37.56,42.26,5158,170,7883,-16.2
296,308,12,Godawari Power & Ispat,B.L. Agrawal,Iron & Steel,5655,41.01,5399,36.42,1467,120,129.75,25.93,20,1.06,575,428,0.13,3910,343,29.29,3312,285,54.87,57.58,2721,253,4313,-21.25
297,343,46,Adani Green Energy,Adani Group,Power,5642,60.79,5133,64.31,489,269,132.86,8.67,2617,74.56,1593,52832,20.21,56970,88,110.58,2614,314,14.87,7.3,2355,280,311040,79.41
298,278,-20,PI Industries,Mayank Singhal,"Fert, Agrochem",5606,16.63,5300,15.79,844,183,14.29,15.05,20,1.74,1410,316,0.05,6474,266,12.54,6120,194,14.72,17.22,3079,233,43322,8.36
299,281,-18,JK Lakshmi Cement,JK Organisation,Cement,5533,16.95,5420,14.65,464,276,14.35,8.38,142,15.39,573,1887,0.75,4762,307,13.45,2505,323,20.77,17.23,1680,313,5944,-9.07
300,279,-21,Zee Entertainment Enterprises,Essel Group,Media,5484,14.8,8189,5.94,965,165,20.56,17.59,45,2.85,1273,76,0.01,11043,198,3.35,10863,131,9.12,13.45,3182,226,26020,-14.7
301,284,-17,Black Box,Essar Group,IT Services,5469,16.49,5370,14.89,73,428,-6.88,1.33,74,31.24,311,481,1.85,872,492,20.51,260,474,17.96,16.46,405,387,2630,-18.63
302,271,-31,Crompton Greaves Consumer Electricals,"Diversified
                                              *",Consumer durables,5426,10.33,5394,12.3,578,243,-6.21,10.66,35,4.67,915,1686,0.69,5031,298,96.36,2453,324,26.38,23.11,2010,298,24934,-25.37
303,264,-39,LT Foods,Gurucharan Dass Arora,"Food, Agri Products",5402,3.49,5427,14.46,292,343,6.62,5.41,69,11.61,39,1320,0.66,3482,362,0.28,1998,363,16.48,14.76,888,365,2672,88.11
304,246,-58,Alembic Pharmaceuticals,Chirayu Amin,"Drugs, Pharma",5399,-4.84,5306,-1.62,521,257,-54.56,9.65,18,2.03,69,717,0.14,6050,271,5.48,5238,217,10.01,10.82,12216,98,14175,-28.32
305,317,12,Atul,Sunil Lalbhai,Basic Materials,5372,37.68,5081,36.16,604,234,-7.85,11.25,9,1.01,69,144,0.03,4642,312,15.33,4429,236,14.65,19.03,3034,235,26492,-7.05
306,382,76,Paul Merchants,Sat?Paul?Bansal,NBFC,5369,76.56,5367,76.49,40,439,20.09,0.75,11,NAP,24,132,0.28,601,497,18.21,467,469,8.99,11.74,NAVL,NAP,139,-16.62
307,265,-42,Oracle Financial Services Software,MNC,Infotech,5356,4.69,5221,4.77,1889,93,7.21,35.27,12,0.49,5122,83,0.01,7597,241,5.12,7100,174,27.08,34.28,6805,141,30153,-30
308,330,22,"Brakes India
                                                      ^",TVS-S. Viji,Auto Ancillaries,5301,35.22,5144,32.69,391,304,84.74,7.37,9,1.56,67,0,0,3774,347,10.64,3556,274,10.29,12.1,NAVL,NAP,NAP,NAP
309,260,-49,Sterling & Wilson Renewable Energy,Shapoorji Pallonji Group,Power - Renewables,5294,1.04,5199,2.33,-909,479,0,NAP,87,NAP,504,446,0.49,1378,479,18.45,917,446,NAP,NAP,1067,356,6231,-35.04
310,296,-14,Shirpur Gold Refinery,Essel Group,Metals & Mining,5276,20.42,5270,20.56,-96,458,0,NAP,45,NAP,24,514,0,401,498,-18.02,-115,483,NAP,NAP,NAVL,NAP,NAP,NAP
311,NAP,NEW,One 97 Communications,"Diversified
                                              *",New Age Tech,5262,65.09,4972,77.5,-2393,494,0,NAP,42,NAP,5202,222,0.02,14698,162,94.3,14152,107,NAP,NAP,17964,68,53849,-59.2
312,351,39,"CNH Industrial (India)
                                                      ^",MNC,Auto,5246,46.37,4899,34.48,368,312,"1,634.72",7.02,101,18.76,1163,1494,0.41,5242,292,11.41,3681,268,9.42,10.87,NAVL,NAP,NAP,NAP
313,354,41,K P R Mill,K.P. Ramasamy family,Textiles,5217,54.72,4833,36.76,842,184,63.38,16.14,23,1.91,128,1185,0.37,4404,321,46.2,3187,289,30.41,31.41,20536,60,20394,18.58
314,263,-51,Laurus Labs,Satyanarayana Chava,Drugs & Pharmaceuticals,5172,0.74,4936,2.54,828,192,-15.87,16,102,7.2,76,1777,0.53,5359,289,24.6,3351,281,27.99,24.59,NAVL,NAP,28511,-7.96
315,316,1,Shipping Corporation of India,GoI,Shipping,5170,32.33,4995,34.88,865,182,24.3,16.73,161,10.52,1407,3200,0.35,12367,183,3.84,9097,145,9.9,8.73,540,378,5645,-1.57
316,256,-60,Sundaram Finance,TVS-S. Viji,NBFC,5146,-3.22,5111,-3.44,1173,141,0.71,22.8,2236,NAP,715,36362,4.13,47450,97,3.35,8795,149,12.91,8.18,4263,191,23258,-3.13
317,407,90,Forbes & Company,Shapoorji Pallonji Group,Diversified,5142,564.06,515,-44.8,4226,55,0,82.19,42,NAP,22,288,3.33,388,499,-15.78,83,480,NAP,NAP,571,377,2560,80.59
318,336,18,Jaiprakash Power Ventures,Jaiprakash Gaur,Power,5139,42.95,4625,40.07,107,417,-52.69,2.09,556,49.98,393,5050,0.49,15797,160,-0.6,10389,138,0.78,4.5,1733,308,4866,63.01
319,306,-13,Avanti Feeds,Indra Kumar Alluri,"Food, Agri Products",5128,20.59,5036,22.81,222,372,-38.46,4.32,4,1.29,75,4,0,2166,429,7.79,1895,376,13.41,17.73,1162,344,6654,-18.48
320,NAP,NEW,Jubilant Ingrevia,Jubilant Bhartia Group,Chemicals,5126,636.23,4949,623.45,477,272,776.95,9.3,31,3.72,49,238,0.1,2739,391,7.49,2433,326,21.89,27.99,NAVL,NAP,8296,-21.87
321,275,-46,"Colgate-Palmolive (India)
                                                      ^^",MNC,FMCG,5123,4.64,5100,5.34,1078,151,4.15,21.05,6,0.38,755,83,0.05,1833,450,42.14,1735,388,74.35,90.6,2363,279,41603,9.35
322,413,91,Trent,Tata Group,Retail Trade,5117,94.41,4498,73.47,106,418,0,2.07,325,57.34,86,4725,2,7175,250,34.14,2364,329,1.55,7.15,9080,111,42392,49.52
323,344,21,"Hitachi Energy India
                                                      ^^",MNC,Engineering,5114,46,4884,42.79,203,385,103.81,3.98,53,16.39,86,190,0.17,1326,481,36.31,1132,429,13.94,20.54,2267,283,13283,45.85
324,339,15,Finolex Industries,Chhabria family,Plastic Products,5073,42.04,4647,34.23,1051,159,42.5,20.72,14,1.38,81,278,0.07,4289,323,25.32,3928,254,21.6,26.51,1379,333,10100,-38.07
325,366,41,"Supreme Petrochem
                                                      ^^",Rajan Raheja Group,Basic Materials,5055,57.97,5032,57.99,663,220,38.91,13.12,7,0.81,447,37,0.02,1560,467,40.14,1516,405,51.41,66.99,382,388,12367,19.49
326,328,2,Sundram Fasteners,TVS-Suresh Krishna,Auto Ancillaries,5052,35.97,4902,34.51,457,279,27.16,9.04,29,3.58,71,772,0.29,3429,364,11.05,2621,313,18.59,20.03,NAVL,NAP,17516,12.02
327,480,153,Zomato,"Diversified
                                              *",5038,136.6,4192,110.27,-1209,487,0,NAP,12,NAP,1576,70,0,16635,157,102.73,16506,96,NAP,NAP,3517,214,67987,-52.38,
328,203,-125,GMR Airports Infrastructure,G.M. Rao family,Infrastructure,5025,26.26,4601,29.02,-1023,483,0,NAP,2019,151.18,3116,26633,0,32777,119,-20.98,-818,485,NAP,NAP,NAVL,NAP,23128,-11.47
329,291,-38,"Abbott India
                                                      ^^",MNC,"Drugs, Pharma",5019,11.65,4919,14.14,799,198,15.64,15.91,19,1.76,2749,152,0.05,3064,376,7.71,2820,304,29.46,37.2,3597,211,38642,-2.31
330,289,-41,"Bayer CropScience
                                                      ^^",MNC,"Fert, Agrochem",4992,10.73,4734,11.1,645,226,30.87,12.93,13,1.59,787,86,0.03,2728,392,1.76,2524,320,25.43,31.79,1318,338,21997,-3.89
331,370,39,"Daikin Airconditioning India
                                                      ^",MNC,Consumer durables,4978,56.91,4834,42.94,231,367,58.7,4.64,30,6.59,848,41,0.02,2194,426,15.25,1920,371,12.81,17.1,NAVL,NAP,NAP,NAP
332,363,31,Mukand,Niraj Bajaj,Iron & Steel,4964,53.91,4637,70.09,177,393,0,3.57,161,63.81,209,2026,3.22,2694,395,4.52,624,461,14.48,8.49,3488,215,1725,-16.47
333,292,-41,India Cements,N Srinivasan,Cement,4911,9.76,4858,7.71,78,426,-62.05,1.6,198,40.82,46,3091,0.52,9930,210,9.33,5504,209,1.2,3.11,NAVL,NAP,6339,17.6
334,270,-64,Bajaj Electricals,Bajaj Group,Consumer Durables,4864,-1.73,4813,4.98,129,411,-32.55,2.64,70,29.44,143,91,0.05,1883,447,-15.43,1732,390,7.52,11.42,2661,257,12828,7.13
335,276,-59,"City Union Bank
                                                      ^^","Diversified
                                              *",Banking,4864,0.84,4105,-0.72,760,205,28.23,15.63,2188,NAP,6687,53001,0,61531,84,15.42,6586,181,12.23,1.32,5367,163,10994,11.77
336,293,-43,HFCL,Mahendra Nahata,Telecommunication,4851,9.01,4727,6.88,313,336,31.01,6.46,166,25.85,528,756,0.27,3610,359,24.4,2798,306,13.82,18.77,3428,216,10008,12.77
337,273,-64,Balrampur Chini Mills,Vivek Saraogi,Sugar,4697,-4.42,4846,0.71,465,274,-3.16,9.89,31,4.42,3,1211,0.44,3992,335,3.03,2770,308,17.24,16.01,6350,145,7923,-2.89
338,395,57,Jai Balaji Industries,Aditya Jajodia,Iron & Steel,4689,65.73,4644,66.72,48,435,0,1.02,99,47.4,22,3169,0,1506,470,-11.41,-1663,489,-11.09,5.12,NAVL,NAP,558,-19.25
339,353,14,Glaxosmithkline Pharmaceuticals,MNC,Drugs & Pharmaceuticals,4685,47.26,3278,12.05,1695,105,373.19,36.17,2,0.27,2485,0,0.01,2935,381,66.74,2663,312,17.87,32.77,3840,202,26332,-8.8
340,302,-38,Cyient,BVR Mohan Reddy & Associates,Infotech,4664,9.42,4534,9.73,522,256,43.57,11.2,39,4.81,1267,573,0.18,3888,345,5.09,3117,292,17.2,19.43,12780,93,9727,-28.03
341,305,-36,"Tamilnad Mercantile Bank
                                                      ^^","Diversified
                                              *",Banking,4656,9.48,3834,6.23,822,193,36.23,17.65,2019,NAP,3852,44933,0,52858,92,11.22,5336,214,16.58,1.64,4457,185,7687,-1.06
342,290,-52,Triveni Engineering,Dhruv Sawhney,FMCG,4654,3.26,4291,-8.2,424,289,43.94,9.11,55,8.69,28,1575,0.82,3527,360,35.19,1913,374,24.45,20.48,4180,193,6286,31.57
343,321,-22,Gland Pharma,MNC,Drugs & Pharmaceuticals,4588,18.52,4401,27.08,1212,132,21.54,26.41,5,0.35,3093,5,0,7164,251,21.22,7158,171,18.55,24.84,4639,181,49026,-51.5
344,371,27,Astral,Sandeep Engineer,Plastics,4562,44.73,4394,38.34,484,270,19.63,10.6,13,1.71,642,98,0.04,2464,406,23.23,2335,336,23.19,29.98,1982,300,41097,-9.26
345,312,-33,"Wonder Cement
                                                      ^",Ashok Patni,Cement,4547,13.8,4518,14.42,259,358,-33.06,5.7,152,17.62,263,2105,1.1,4173,327,8.92,1913,373,14.54,13.23,NAVL,NAP,NAP,NAP
346,NAP,NEW,GMR Power & Urban Infra,G.M. Rao family,Infrastructure,4543,48.4,4102,50.07,-648,477,0,NAP,1354,273.38,540,10413,0,8656,225,-14.41,-2164,491,NAP,NAP,NAVL,NAP,1610,-42.99
347,NAP,R-E 2020,Fertilizers & Chemicals Travancore,GoI,Fertilisers & Agrochem,4536,40.44,4425,35.78,353,319,0.8,7.79,244,48.19,1876,1838,9.7,2239,423,21.8,189,475,60.1,24.79,1656,317,7765,-1.05
348,NAP,NEW,"Sagar Diamonds
                                                      (**) ^^",Vaibhav Shah,Gems and jewellery,4526,152.45,4271,138.28,29,444,228.22,0.64,1,NAP,13,2,0.03,92,500,40.13,90,478,38.53,45.3,NAVL,NAP,57,8.2
349,411,62,"PCBL
                                                      (#)",RP-Sanjiv Goenka Group,Auto Ancillaries,4510,70.12,4446,67.19,426,288,35.84,9.45,29,4.46,159,786,0.3,3417,366,27.64,2614,315,18.74,18.45,1135,347,4388,18.94
350,NAP,NEW,Electronics Mart India,Pavan Kumar Bajaj,Retail,4486,36.46,4349,35.84,104,419,77.23,2.32,85,28.98,34,1143,1.92,1741,454,19.07,597,463,19.09,14.01,NAVL,NAP,3495,6.45
351,441,90,Maharashtra Seamless,D.P. Jindal,Iron & Steel,4464,81,4200,81.96,380,307,287.8,8.52,51,8.7,49,709,0.19,4442,317,4.3,3693,267,11.56,12.79,1431,329,4164,53.17
352,357,5,Blue Dart Express,MNC,Transport Logistics,4441,34.24,4410,34.13,382,305,275.41,8.61,87,9.02,184,1066,1.22,1957,441,-8.36,872,451,52.22,29.29,12288,97,17358,9.32
353,352,-1,Jubilant Foodworks,Jubilant Bhartia Group,"Food, Agri Products",4441,31.15,4396,32.74,420,291,81.46,9.47,176,16.14,563,2106,1.08,4062,333,32.88,1945,369,24.8,20.83,29346,29,40238,-18.33
354,359,5,"Venkys (India)
                                                      ^^",Desai%comma% Rao families,"Food, Agri Products",4419,35.07,4400,41.19,165,400,-38.46,3.73,18,7.19,156,199,0.16,1464,473,11.95,1249,423,14,17.61,5305,165,3132,-27.95
355,341,-14,IFB Industries,Bijon Nag,Consumer Durables,4401,23.94,4316,23.12,-48,454,0,NAP,35,59.45,93,363,0.56,1096,486,2.08,648,460,NAP,-3.59,2640,260,4057,-23.52
356,315,-41,Bajaj Holdings & Investment,Bajaj Group,NBFC,4382,12.11,484,5.95,4056,58,11.12,92.55,3,NAP,33,114,0,51694,93,16.81,42842,43,10.31,10.54,NAVL,NAP,59662,42.92
357,324,-33,Zensar Technologies,RPG Group,Infotech,4382,15.25,4244,12.23,416,292,38.77,9.5,35,5.38,856,335,0.12,3142,372,12.58,2687,310,16.77,20.64,8860,112,7568,-51.24
358,384,26,JK Paper,JK Organisation,Paper,4364,44.64,4244,41.45,543,251,126.13,12.43,132,13.22,22,3079,1.01,6282,269,15.37,2996,298,19.73,15.85,2778,248,5155,85.47
359,332,-27,Motilal Oswal Financial Services,Motilal Oswal%comma% Raamdeo Agrawal,Securities Trading,4320,18.87,4298,18.54,1310,126,3.91,30.32,478,NAP,5315,6152,1.08,11853,187,16.36,5674,204,25.86,19.05,6951,138,12437,-24.38
360,470,110,Indo Rama Synthetics (India),O.P. Lohia,Textiles & Garments,4257,94.97,4204,97.08,269,351,137.31,6.32,62,20.36,12,354,0.59,991,490,30.36,600,462,34.33,23.6,1462,327,1686,20.25
361,377,16,"Castrol India
                                                      ^^",MNC,"Lube Oils, Lubricants",4253,37.93,4192,39.88,758,206,30.05,17.83,2,0.23,1300,0,0,1670,459,15.4,1646,396,49.55,66.21,631,372,11379,-6.45
362,414,52,Century Textiles & Industries,B.K. Birla Group,Diversified,4240,61.08,4131,57.88,167,399,0,3.93,52,11.74,114,1336,0.36,5833,274,7.76,3719,266,4.48,4.83,4370,189,9312,4.67
363,378,15,Amber Enterprises India,Jasbir Singh,Consumer Durables,4235,37.54,4206,38.8,109,415,33.83,2.58,48,17.28,563,1069,0.62,2892,386,40.87,1734,389,6.67,8.3,1363,336,9858,-34.19
364,365,1,"Tamil Nadu Newsprint & Papers
                                                      ^^",Govt of Tamil Nadu,Paper,4205,31.34,4357,36.9,14,448,0,0.34,156,43.65,14,2239,1.41,3990,336,-10.81,1589,398,0.9,4.22,2371,278,1245,104.56
365,481,116,Kirloskar Industries,Kirloskar Group,NBFC,4203,97.64,3810,83.14,194,387,18.2,4.61,31,NAP,344,1157,0.5,5222,293,105.6,2329,337,15.52,21.65,NAVL,NAP,1475,11.49
366,338,-28,Birlasoft,C.K. Birla Group,Infotech,4197,17.4,4130,16.16,464,275,44.51,11.05,13,2.03,383,123,0.05,2755,390,15.36,2583,318,19.47,24.48,10122,103,11146,-33.44
367,334,-33,BEML,GoI,Capital Goods,4192,15.95,4337,20.59,129,410,86.92,3.07,65,19.91,34,832,0.35,4505,315,5.04,2357,334,5.63,6.02,5573,157,6630,23.01
368,NAP,NEW,FSN E-Commerce Ventures,Nayar family,New Age Tech,4163,66.93,3774,54.61,41,438,-33.26,0.99,47,28.83,267,593,0.44,2068,433,148.96,1340,417,4.16,6.2,2764,249,75981,-47.54
369,294,-75,KRBL,Anil Mittal,FMCG,4154,-5.76,4211,5.48,459,278,-17.8,11.06,13,2.02,391,145,0.04,4226,325,3.79,4070,247,11.84,15.2,2321,282,6077,42.15
370,277,-93,"Gujarat Ambuja Exports
                                                      (**)",Manish Kumar Gupta,"Food, Agri Products",4129,-1.37,4163,2.62,475,273,40.63,11.51,6,0.83,18,281,0.13,2418,409,31.84,2118,352,25.19,30.28,2621,261,5705,47.93
371,445,74,Wheels India,TVS-S. Viji,Auto Ancillaries,4125,69.3,3966,64.35,76,427,"4,101.65",1.85,71,28.08,4,876,1.19,1634,460,17.96,734,457,10.64,11.35,2221,284,1548,-11.13
372,391,19,Gujarat Fluorochemicals,Vivek Jain,Basic Materials,4123,42.49,3954,49.16,787,199,0,19.09,78,6.71,153,1556,0.37,5831,275,14.08,4255,242,20.03,20.46,2830,245,31848,99.66
373,381,8,AIA Engineering,Bhadresh Shah,Iron & Steel,4094,34.4,3567,23.77,620,231,9.46,15.14,9,1.17,506,10,0,4788,305,7.29,4755,230,13.77,17.11,4105,195,19571,39.49
374,410,36,"Page Industries
                                                      ^^",Sunder Genomal,Textiles & Garments,4090,54.01,3886,37.19,537,254,57.53,13.12,34,4.27,283,110,0.1,1206,485,18.2,1089,435,54.37,66.7,27730,34,49037,29.94
375,364,-11,Finolex Cables,Chhabria family,Consumer Durables,4088,26.82,3768,36.13,599,236,29.84,14.66,2,0.35,38,9,0,3941,340,14.79,3922,256,16.33,21.38,1589,323,6896,12.05
376,355,-21,"Prakash Industries
                                                      ^^",V.P. Agarwal,Iron & Steel,4078,21.9,3929,22.17,169,397,76.99,4.14,73,32.9,211,548,0.19,3401,367,-2.8,2812,305,5.91,7,2404,273,1073,-21.55
377,326,-51,"USV
                                                      ^",Leena Gandhi Tewari,Pharma,4067,7.16,3893,6.69,1076,152,3.91,26.45,2,0.1,221,0,0,4164,328,9.71,4041,249,27.93,36.64,NAVL,NAP,NAP,NAP
378,369,-9,"Tata Hitachi Construction Machinery Company
                                                      ^^ ^",Tata Group,Engineering,4062,28.4,3943,13.42,6,449,-89.03,0.15,19,17.53,101,514,0.58,1531,468,22.77,891,448,0.69,2.53,NAVL,NAP,NAP,NAP
379,417,38,Max Healthcare Institute,Abhay Soi%comma% KKR,Healthcare,4059,54.95,3931,56.76,605,233,0,14.91,101,10.81,499,913,0.15,7864,232,8.11,6282,190,10.15,11.09,4436,186,36702,33.01
380,323,-57,Equitas Holdings,"Diversified
                                              *",Micro Finance,4045,5.87,3978,6.52,153,402,-67.63,3.79,1481,NAP,2130,22242,6.53,26701,129,7.51,3407,278,7.11,7.34,17687,70,3633,-20.79
381,358,-23,Kirloskar Oil Engines,Kirloskar Group,Capital Goods,4041,23.55,4022,22.02,175,395,-10.48,4.32,106,25.73,174,1965,0.94,4125,331,39.67,2082,356,8.54,9.55,2184,286,2549,33.33
382,453,71,Sarda Energy & Minerals,K.K. Sarda,Iron & Steel,4030,71.97,3914,78.01,804,196,114.51,19.95,147,10.91,282,1581,0.53,4732,308,16.86,3004,297,30.96,29.27,1369,334,3228,-5.74
383,426,43,Solar Industries India,Satyanarayan Nuwal,Basic Materials,4007,55.64,3948,56.92,441,282,59.68,11.01,50,6.72,99,888,0.46,2904,385,18.45,1914,372,26.07,25.33,1272,339,25774,62.05
384,335,-49,"Equitas Small Finance Bank
                                                      ^^","Diversified
                                              *",Banks,3997,10.65,3460,8.3,281,348,-26.94,7.02,1421,NAP,2133,21567,0,26959,127,9.09,4246,243,7.35,1.09,17607,71,6250,-19.19
385,367,-18,Medplus Health Services,Madhukar Gangadi & Others,Healthcare,3970,24.21,3779,23.13,96,420,50.02,2.41,66,24.39,34,815,0.57,2253,421,68.07,1418,410,8.82,10.26,439,386,10355,-47.15
386,433,47,Zuari Agro Chemicals,K.K. Birla Group,"Fert, Agrochem",3965,56.84,3590,49.34,130,409,0,3.29,173,74.04,705,2643,7.2,3505,361,39.71,367,471,22.1,12.86,624,374,624,61.14
387,314,-73,"DCB Bank
                                                      ^^","Diversified
                                              *",Banking,3965,1.56,3513,1.58,288,347,-14.38,7.25,2155,NAP,4091,38774,0,44892,98,13.24,3823,264,7.82,0.68,8077,125,2682,13.65
388,348,-40,Granules India,K.P. Chigurupati,Drugs & Pharmaceuticals,3935,13.62,3765,16.29,413,294,-24.88,10.49,23,3.21,409,1106,0.43,3722,353,22.13,2587,317,17.34,17.17,3686,206,7554,18.15
389,333,-56,"P&G Hygiene and Health Care
                                                      ^^",MNC,FMCG,3932,8.5,3901,9.14,576,244,-11.67,14.64,11,1.35,639,5,0.01,827,493,3.25,738,456,79.31,98.5,NAVL,NAP,47042,-1.44
390,457,67,RSWM,L.N. Jhunjhunwala family,Textiles & Garments,3917,71.54,3817,64.12,246,363,"1,082.05",6.29,68,15.65,9,1103,1.07,2145,430,24.41,1035,440,26.95,18.47,16615,77,993,-24.79
391,459,68,"Filatex India
                                                      ^^",M.S. Bhageria,Textile & Garments,3892,72.16,3828,71.88,303,341,82.55,7.78,36,6.78,29,358,0.33,1479,472,6.61,1085,436,32.76,34.51,2383,276,2444,-0.69
392,390,-2,GHCL,Sanjay Dalmia,Basic Materials,3877,54.78,3778,51.67,647,225,98.3,16.68,64,6.49,255,788,0.26,3881,346,18.67,3086,293,23.22,25.81,3655,208,5177,55.41
393,361,-32,"Redington
                                                      (**)","Diversified
                                              *",Trading,3877,19.62,2492,-35.01,1280,128,68.79,33.02,163,8.85,3659,831,0.14,7108,253,17.15,5785,203,24.52,28.61,1663,315,11327,0.69
394,406,12,SKF India,MNC,Auto Ancillaries,3874,43.62,3666,37.26,395,302,32.67,10.2,2,0.37,402,16,0.01,1939,445,19.91,1886,377,22.9,29.97,1681,312,18986,33.13
395,483,88,"Birla Carbon India
                                                      ^^ ^",Aditya Birla Group,Auto ancillaries,3858,82.1,3624,93.95,432,287,76.2,11.2,21,4.02,1,407,0.15,3104,374,4.24,2668,311,17.36,19.95,NAVL,NAP,NAP,NAP
396,400,4,ITD Cementation India,MNC,"Engg, Construction",3854,38.97,3809,39.64,69,431,336.61,1.79,142,48.32,491,560,0.5,1732,455,10.59,1131,430,6.31,14.3,2071,293,1377,51.29
397,392,-5,Galaxy Surfactants,"Diversified
                                              *",FMCG,3844,33.86,3686,32.39,263,355,-13.03,6.84,13,3.21,71,421,0.27,2003,437,25.1,1574,400,18.28,18.99,1546,324,10586,-5.44
398,NAP,NEW,"Go Digit General Insurance
                                                      ^^ ^",Fairfax%comma% Kamesh Goyal,Financial Services,3841,70.56,3841,70.56,-296,470,0,NAP,0,NAP,147,0,0,1978,439,60.85,1978,367,NAP,NAP,NAVL,NAP,NAP,NAP
399,346,-53,Sun TV Network,Kalanithi Maran,Media,3841,10.25,3585,12.84,1642,109,7.66,42.75,33,1.46,1138,95,0.01,8264,229,15.61,8155,155,21.59,28.94,1106,351,19180,-8.54
400,NAP,R-E 2019,GVK Power & Infrastructure,G.V.K. Reddy family,Infra Development,3832,"1,052.50",858,176.56,2645,77,0,69.03,421,144.13,557,10523,0,7478,242,201.25,-3840,494,NAP,35.8,2065,295,585,-48.66
401,477,76,"Nahar Spinning Mills
                                                      ^^",J.L. Oswal,Textiles & Garments,3818,78.59,3594,70.17,502,266,"1,112.73",13.15,75,9.21,4,1013,0.63,2617,400,32.7,1601,397,40.2,32.67,10133,102,1599,-46.05
402,388,-14,"Mando Automotive India
                                                      ^^ ^",Anand group%comma% Mando Corp,Auto ancillaries,3815,28.8,3773,26.74,217,376,54.88,5.7,17,3.75,279,321,0.33,1298,482,21.46,970,443,24.85,27.43,NAVL,NAP,NAP,NAP
403,435,32,Gujarat Alkalies & Chemicals,Govt of Gujarat,Basic Materials,3808,52.01,3759,54.71,560,248,237.73,14.7,6,0.63,300,594,0.1,6642,262,10.99,5899,200,9.93,13.19,1538,325,5685,20.33
404,409,5,Kajaria Ceramics,A.K. Kajaria,Consumer Durables,3807,42.65,3705,33.24,377,309,22.38,9.9,13,2.08,424,165,0.08,2371,415,14.12,2122,350,19.18,24.21,2599,263,17790,-10.92
405,437,32,Sharda Cropchem,R.V. Bubna,Basic Materials,3787,52.43,3580,49.43,349,321,52.4,9.22,15,2.16,166,47,0.02,1966,440,15.36,1912,375,19.81,26.12,175,394,4692,20.62
406,362,-44,JM Financial,Nimesh Kampani,Non-banking Financial Services,3763,16.63,3724,15.98,773,203,31.01,20.54,1082,NAP,2560,13498,1.76,24124,132,9.25,7686,162,13.51,11.97,2405,272,6539,-18.25
407,418,11,H.G. Infra Engineering,Harendra Singh%comma% Vijendra Singh%comma% Girishpal Singh trusts,"Engg, construction",3759,43.62,3751,43.75,380,308,60.59,10.11,118,16.57,165,1184,0.82,2630,399,37.21,1436,408,30.42,27.82,1866,302,3850,-24.56
408,422,14,Narayana Hrudayalaya,Devi Shetty,Healthcare,3747,44.24,3701,43.29,342,324,0,9.12,76,11.62,172,723,0.49,2456,408,11.32,1489,406,26.23,21.71,11465,100,13474,54.12
409,380,-29,KNR Constructions,Narasimha Reddy,Engineering & Construction,3684,20.86,3606,24.18,382,306,-6.27,10.37,151,18.85,259,1464,0.63,4099,332,47.25,2328,338,17.06,21.52,2173,288,7526,-22.07
410,385,-25,Time Technoplast,Vageria%comma% Jain families,Plastic Products,3670,22.41,3650,21.46,188,391,81.78,5.12,92,18.19,94,906,0.44,3032,379,7.74,2069,360,9.69,12.25,2521,266,2067,49.82
411,412,1,Rattanindia Power,Rajiv Rattan,Power,3669,39.29,3260,108.96,-1981,493,0,NAP,2342,641.25,270,10967,0,9877,211,-22.39,-2662,492,NAP,NAP,524,380,2649,4.76
412,340,-72,Great Eastern Shipping Company,K.M. Sheth,Shipping,3669,2.82,3509,5.17,630,228,-31.45,17.16,370,24.23,2837,4655,0.58,13022,177,-1.48,8051,157,7.99,7.54,1812,304,5698,74.96
413,448,35,India Glycols,U.S. Bhartia,Basic Materials,3667,54.74,2868,23.79,340,325,158.23,9.27,70,NAP,102,1042,0.58,3050,378,15.12,1792,381,11.1,8.43,1151,345,2708,-12.02
414,387,-27,Kesoram Industries,B.K. Birla Group,Diversified,3657,23.17,3606,35.93,-77,456,0,NAP,502,102.46,179,1811,3.01,2528,402,8.23,511,465,NAP,NAP,1856,303,1332,-11.51
415,397,-18,V-Guard Industries,K. Chittilappilly,Consumer Durables,3652,29.85,3498,28.55,228,369,13.38,6.23,8,2.33,61,68,0.05,1500,471,15.23,1407,412,17.45,21.63,2477,268,9821,-0.64
416,462,46,"Mahanagar Gas
                                                      ^^",GoI,Oil & Gas,3646,63.3,3560,65.4,597,237,-3.65,16.37,8,0.81,465,103,0.03,3727,351,11.93,3597,273,17.48,23.06,491,382,8134,-12.61
417,396,-21,Nava,"Diversified
                                              *",Metals,3639,28.67,3348,31.36,518,260,22.32,14.23,338,27.61,342,3587,0.72,9784,215,11.92,4953,224,13.48,15.46,611,375,2308,71.97
418,376,-42,HIL,C.K. Birla Group,Cement,3630,17.61,3520,15.66,210,380,-18.98,5.8,13,3.22,73,313,0.27,1518,469,3.41,1166,428,19.47,20.61,1610,318,2852,-36.79
419,NAP,NEW,Graphite India,K.K. Bangur,Basic Materials,3588,87.93,3027,54.6,505,264,0,14.06,5,1,144,436,0.09,5386,288,12.88,4947,225,10.63,13.73,1719,309,8784,-31.51
420,439,19,"Tetra-Pak India
                                                      ^^ ^",MNC,Packaging,3564,43.88,3337,36.06,212,379,114.52,5.95,41,10.9,14,486,1,997,488,1.96,485,466,48.35,34.22,NAVL,NAP,NAP,NAP
421,327,-94,"Saraswat Co-operative Bank
                                                      ^^ ^","Diversified
                                              *",Banking,3556,-4.55,3029,-1.54,275,349,1.77,7.73,1997,NAP,5093,45030,0,58468,86,8.7,4435,235,6.15,0.49,NAVL,NAP,NAP,NAP
422,423,1,"J Kumar Infraprojects
                                                      ^^",Jagadishkumar Gupta,Real Estate,3552,36.82,3527,37.2,206,383,222.14,5.8,100,19.82,374,472,0.23,2560,401,4.26,2087,353,10.36,15.26,7021,137,1719,65.72
423,379,-44,Ajanta Pharma,Rajesh Agrawal,"Drugs, Pharma",3540,15.43,3341,15.62,713,212,8.99,20.13,10,1.1,212,25,0.01,3313,368,8.63,3264,287,22.77,28.91,7234,136,16652,-11.26
424,497,73,Himatsingka Seide,D.K. Himatsingka,Textiles & Garments,3506,75.84,3198,41.55,141,404,0,4.02,181,33.3,167,2922,1.99,4677,310,10.91,1470,407,10.11,8.8,8687,116,1535,-63.47
425,375,-50,EPL,MNC,Packaging,3502,12.91,3433,11.04,214,378,-10.33,6.12,40,7.09,193,767,0.42,2660,398,10.47,1825,380,12.56,13.16,1114,350,5565,-26.81
426,472,46,Patel Engineering,Rupen Patel,"Engg, Construction",3497,61.87,3380,69.46,72,429,0,2.05,420,84.37,261,2292,0.96,6219,270,2.04,2384,328,3.77,9.26,4273,190,1233,-13.21
427,404,-23,Brigade Enterprises,M.R. Jaishankar,Real Estate,3494,29.03,2999,53.79,83,424,0,2.37,444,62.51,945,4906,1.69,7967,231,3.84,2902,301,-3.51,6.29,625,373,11174,4.71
428,415,-13,Carborundum Universal,Murugappa Group,"Fert, Agrochem",3478,32.68,3325,26.33,333,327,17.25,9.58,6,1.05,352,232,0.1,2718,393,20.68,2364,330,15.57,19.93,2121,290,15681,2.48
429,419,-10,Prime Focus,Naresh Malhotra,Media & Entertainment,3478,33.23,3386,33.49,-172,462,0,NAP,373,60.6,239,4102,35.89,4521,314,2.28,114,476,NAP,NAP,249,391,2242,-5.05
430,389,-41,"Sanofi India
                                                      ^^",MNC,"Drugs, Pharma",3477,18.5,2957,1.88,944,168,97.74,27.16,2,0.24,1550,25,0.01,2312,418,4.8,2226,344,26.75,33.8,2505,267,15981,-25.48
431,319,-112,Godrej Properties,Godrej Group,Real Estate,3474,-10.3,1825,138.57,352,320,0,10.14,167,NAP,1339,5196,0.6,13966,167,7.03,8675,150,4.09,5.03,1998,299,43283,-46.15
432,383,-49,Cochin Shipyard,GoI,Ship Building,3459,14.45,3191,13.2,564,247,-7.34,16.3,53,8.46,3213,551,0.13,4983,300,8.14,4393,239,13.39,17.08,1756,306,4619,61.55
433,463,30,Ratnamani Metals & Tubes,Prakash Sanghvi,Iron & Steel,3397,52.34,3139,36.58,323,333,16.9,9.5,21,4.32,44,157,0.07,2408,411,9.3,2248,343,15.23,19.62,2372,277,11241,46.51
434,420,-14,3M India,MNC,Consumer Durables,3390,29.95,3336,28.06,272,350,67.49,8.02,4,0.96,1328,25,0.01,2263,420,14.56,2184,346,13.29,17.52,1132,348,25495,-8.93
435,466,31,West Coast Paper Mills,S.K. Bangur,Paper,3389,54.68,3378,50.48,307,339,0,9.06,59,9.27,60,478,0.28,2660,397,5.41,1686,395,22.5,21.21,2386,275,2366,146.37
436,431,-5,Religare Enterprises,"Diversified
                                              *",NBFC,3372,33.27,3227,28.44,-1544,491,0,NAP,750,NAP,2403,4878,0,4346,322,-17.04,-982,487,NAP,NAP,NAVL,NAP,4392,5
437,NAP,NEW,Oberoi Realty,Vikas Oberoi,Real Estate,3365,84.81,2694,31.25,1047,160,41.64,31.11,86,7.28,293,2855,0.27,13512,169,21.63,10416,136,10.58,11.69,662,371,32643,-3.8
438,386,-52,Emami,RS Agarwal & RS Goenka,FMCG,3333,12.22,3192,10.81,839,185,84.52,25.17,5,0.54,116,282,0.14,2406,412,25.84,2077,357,43.59,32.08,3205,224,21275,-11.98
439,394,-45,Transport Corporation of India,D.P. Agarwal,Transport Logistics,3304,16.02,3257,16.21,290,346,96.84,8.76,13,3.14,74,96,0.07,1560,466,5.26,1430,409,22.52,22.84,3691,205,5459,4.51
440,NAP,NEW,Lakshmi Machine Works,Jayavarthanavelu family,Textiles & Garments,3290,81.52,3171,83.57,181,392,305.94,5.5,0,0.04,495,0,0,2417,410,26.2,1990,364,9.6,11.01,3143,229,10864,48.06
441,349,-92,"GE T&D India
                                                      ^^",MNC,Capital Goods,3283,-5.22,3066,-11.19,-50,455,0,NAP,59,NAP,82,226,0.21,1409,478,-10.69,1080,437,NAP,-8.09,2332,281,2952,-1.08
442,443,1,Akzo Nobel India,MNC,FMCG,3264,32.57,3149,30.03,290,345,39.74,8.89,15,3.35,459,71,0.06,1423,476,-1.06,1258,421,22.79,26.67,1467,326,8923,6.75
443,399,-44,Sumitomo Chemical India,MNC,Basic materials,3262,17.28,3065,15.87,424,290,22.66,12.98,8,1.33,79,38,0.02,1987,438,23.95,1927,370,24.42,32.52,1696,310,21508,33.37
444,493,49,Force Motors,Abhaykumar Firodia family,Auto,3255,59.56,3240,62.98,-91,457,0,NAP,41,81.33,74,1069,0.61,2847,388,13.3,1748,387,NAP,-3.31,3928,201,1556,-3.83
445,450,5,Asahi India Glass,MNC,Auto Ancillaries,3238,37.15,3170,30.94,345,323,159.1,10.65,121,15.9,88,1238,0.7,3011,380,-0.22,1762,385,21.41,20.84,6589,144,12573,45.7
446,485,39,"KRIBHCO Fertilisers
                                                      ^^ ^",GoI,Fertilisers & Agrochem,3237,54.85,3199,47.99,80,425,"1,080.71",2.48,59,27.87,145,1360,2.55,1950,443,32.04,532,464,15.84,8.06,NAVL,NAP,NAP,NAP
447,NAP,NEW,Indian Hotels Co,Tata Group,Hospitality,3227,69.86,3056,94.03,-248,467,0,NAP,428,105.66,1188,3888,0.55,11678,190,17.55,7062,175,NAP,NAP,4980,176,33136,67.06
448,460,12,"JBF Industries
                                                      ^^",Bhagirath Arya,Textiles & Garments,3223,42.81,3272,48.37,-1170,486,0,NAP,250,NAP,140,2583,0,1618,462,-42.8,-978,486,NAP,NAP,2428,270,125,-49.59
449,449,0,Tanla Platforms,U.K. Reddy,Infotech,3222,36.33,3206,36.92,539,253,51.42,16.74,3,0.44,862,54,0.04,1416,477,56.55,1354,416,48,58.39,680,369,17204,-36.84
450,451,1,Cosmo First,Ashok Jaipuria,Packaging,3209,36.02,3038,32.96,397,301,67.42,12.36,40,6.97,61,818,0.69,2090,431,24.14,1191,425,38.8,29.5,1039,357,2790,-30.02
451,NAP,NEW,JBM Auto,S.K. Arya,Auto Ancillaries,3206,58.7,3193,61.1,156,401,216.82,4.87,76,22.72,35,1388,1.55,2305,419,43.38,896,447,19.05,13.43,2063,296,5309,67.04
452,424,-28,Embassy Office Parks REIT,MNC,Real estate,3186,23.56,3053,24.22,888,178,27.21,27.89,829,34.69,612,12136,0.47,38429,110,0.44,25887,64,3.08,4.24,NAVL,NAP,34763,5.23
453,NAP,NEW,Arvind Fashions,Sanjay Lalbhai,Textiles,3177,93.61,3056,59.84,-267,468,0,NAP,130,243.14,105,958,1.28,2061,434,-20,750,455,NAP,NAP,236,392,3808,18.65
454,NAP,NEW,Sutlej Textiles and Industries,C.S. Nopany,Textiles & Garments,3175,73.49,3076,63.29,150,403,0,4.73,50,13.42,14,943,0.86,2069,432,9.49,1100,433,14.62,14.42,16835,76,1208,-2.77
455,NAP,NEW,Laxmi Organic Industries,Ravi Goenka,Basic Materials,3174,78.97,3084,74.4,256,360,101.82,8.08,19,5.09,182,139,0.11,1444,474,21.53,1301,420,21.96,25.6,679,370,10019,-30.24
456,313,-143,Wockhardt,Habil Khorakiwala,"Drugs, Pharma",3163,-19.92,3230,19.28,-244,466,0,NAP,299,260,406,2198,0.57,6584,263,1.03,3849,260,NAP,1.15,2962,238,3966,-40.67
457,320,-137,Strides Pharma Science,Arun Kumar,"Drugs, pharma",3163,-18.33,3070,-7.41,-460,473,0,NAP,177,NAP,187,3025,1.28,5531,284,0.83,2359,331,NAP,-4.44,2647,259,3297,-42.89
458,NAP,NEW,"National Engineering Industries
                                                      ^",C.K. Birla Group,Auto Ancillary,3163,23.43,2819,19.62,219,373,48.73,6.92,76,28.33,171,1504,0.46,4778,306,13.9,3239,288,2.52,3.43,NAVL,NAP,NAP,NAP
459,484,25,Century Plyboards (India),Bhajanka%comma% Agarwal familes,Basic Materials,3154,49.54,3027,42.09,313,337,63.5,9.92,11,2.15,261,236,0.15,1804,452,25.18,1557,401,22.18,29.52,6339,146,13605,4.34
460,421,-39,Sobha,P.N.C. Menon family,Real Estate,3137,20.31,2731,29.44,117,414,87.67,3.73,750,84.3,178,2514,1,5042,296,-8.24,2511,322,3.85,16.56,3007,237,6801,-24.03
461,374,-87,"Ujjivan Small Finance Bank
                                                      ^^","Diversified
                                              *",Banks,3126,0.57,2813,0.24,-415,472,0,NAP,1039,NAP,2168,20056,0,23611,136,15.79,2603,316,NAP,-1.88,16895,75,3353,16.2
462,345,-117,SREI Infrastructure Finance,"Diversified
                                              *",NBFC,3122,-10.51,3099,-10.11,-2545,495,0,NAP,2169,NAP,1478,32318,0,26568,130,-6.96,-5901,495,NAP,NAP,NAVL,NAP,254,-10.27
463,NAP,NEW,"Gallantt Ispat
                                                      ^^",C.P. Agarwal,Iron & Steel,3122,0,3017,0,176,394,0,5.63,20,6.91,13,387,0.19,2485,405,0,2083,355,8.82,10.75,NAVL,NAP,966,-15.31
464,310,-154,Gayatri Projects,S.K. Reddy,"Engg, Construction",3100,-23.25,3102,-20.46,-958,481,0,NAP,338,NAP,33,2748,0,3427,365,-14.39,-5,482,NAP,NAP,NAVL,NAP,400,-70.32
465,427,-38,"Orient Cement
                                                      ^^",C.K. Birla Group,Cement,3095,20.67,3073,19.71,263,353,22.9,8.51,51,8.7,44,316,0.21,1889,446,-12.59,1525,404,18.6,22.49,858,366,2856,-19.15
466,368,-98,Ujjivan Financial Services,"Diversified
                                              *",Micro Finance,3092,-2.79,2995,-2.51,-192,463,0,NAP,1071,NAP,2188,21073,9.07,23795,134,20.49,2323,340,NAP,3.59,NAVL,NAP,1891,36.38
467,401,-66,Kirloskar Brothers,Kirloskar Group,Capital Goods,3091,11.76,3058,12.56,94,421,-41.44,3.05,33,16.25,259,396,0.34,1689,458,13,1177,427,7.15,10.63,4687,180,2612,-4.35
468,NAP,NEW,Adani Total Gas,Adani Group,Oil & Gas,3088,77.38,3038,79.16,509,262,10.06,16.5,53,6.82,34,1035,0.43,3461,363,40.21,2416,327,23.2,24.68,466,383,263880,153.35
469,NAP,NEW,Maithan Alloys,Subhas Chandra Agarwalla,Metals & Mining,3085,87.38,2992,84.74,818,194,254.38,26.52,3,0.32,102,5,0,2332,417,48.19,2323,339,42.55,55.6,584,376,3055,-8.53
470,447,-23,"Gokul Refoils and Solvent
                                                      (**)",B.C. Rajput,"Food, Agri Products",3080,29.35,2997,25.37,27,445,29.62,0.86,18,45.53,59,368,1.21,673,496,19.65,304,473,9.12,8.85,NAVL,NAP,348,16.45
471,436,-35,Sheela Foam,Rahul Gautam,Textiles & garments,3071,23.15,2982,22.35,217,375,-8.58,7.08,17,5.39,41,466,0.33,1945,444,22.76,1393,413,16.98,17.84,2779,247,15178,11.75
472,408,-64,Indo Count Industries,A.K. Jain family,Textiles & Garments,3068,13.95,2842,12.81,358,316,43.01,11.68,47,10.91,394,1319,0.83,2923,382,55.65,1587,399,24.98,22.27,2215,285,3529,-40.51
473,403,-70,"Jana Small Finance Bank
                                                      ^^ ^","Diversified
                                              *",Banking,3050,11.62,2727,9.16,5,450,-93.58,0.18,1337,NAP,1537,18050,0,20189,142,5.75,1051,439,0.11,0.03,NAVL,NAP,NAP,NAP
474,444,-30,"KIOCL
                                                      ^^",GoI,Metals & Mining,3047,24,3006,26.51,313,335,4.06,10.29,12,3.26,1108,126,0.06,2365,416,7.42,2144,347,15.18,18.55,699,368,13277,-33.2
475,356,-119,Engineers India,GoI,"Engg, Construction",3043,-8.71,2913,-7.36,140,405,-43.95,4.59,3,0.8,1383,4,0,1786,453,1.04,1770,382,19.48,25.45,2756,250,3707,1.49
476,372,-104,"Honeywell Automation India
                                                      ^^",MNC,Consumer Durables,3030,-3.71,2948,-3.1,339,326,-26.28,11.19,9,2,2006,56,0.02,2920,383,8.29,2837,303,12.52,16.6,NAVL,NAP,34821,-7.25
477,446,-31,Minda Corporation,Ashok Minda,Auto Ancillaries,3019,24.39,2976,25.68,192,388,263.45,6.36,32,10.83,333,506,0.38,1872,448,9.96,1325,418,12.97,11.6,2755,251,4840,16.66
478,393,-85,Va Tech Wabag,Rajiv Mittal,Capital Goods,3014,5.72,2979,5.11,132,407,19.8,4.38,88,37.51,429,436,0.28,2167,428,7.71,1539,403,8.96,12.18,968,360,1763,-20.56
479,478,-1,"Bharat Dynamics
                                                      ^^",GoI,3013,40.97,2817,47.22,500,267,93.94,16.59,5,0.68,1900,10,0,3988,337,15.74,3031,295,17.49,19.23,2674,255,11819,134.72,
480,311,-169,"Bank of America
                                                      ^^ ^",MNC,Banking,3003,-18.14,2326,-11.28,830,190,-32.38,27.62,513,NAP,14453,39199,0,62333,83,4.56,14291,105,5.98,1.36,NAVL,NAP,NAP,NAP
481,NAP,NEW,Sunflag Iron & Steel Company,Satyadev Bhardwaj,Iron & Steel,2995,64.42,2718,41.37,217,377,54.33,7.24,42,10.61,68,587,0.34,2380,414,28.13,1412,411,16.73,18.45,1206,341,1486,3.09
482,NAP,NEW,Savita Oil Technologies,G.N. Mehra,"Lube Oils, Lubricants",2975,45,2938,46.82,260,356,9.82,8.76,19,5.39,68,0,0,1265,484,18.32,1258,422,22.45,31.5,463,384,1696,8.7
483,NAP,NEW,Himadri Speciality Chemical,Sadashiv K Shetty,Basic materials,2938,90.59,2791,66.2,39,440,-17.75,1.33,36,27.11,265,587,0.31,2456,407,-2.75,1868,378,3.12,4.56,NAVL,NAP,2963,98.55
484,498,14,"Tata Teleservices
                                                      ^",Tata Group,Telecom (Ancillaries),2898,5.67,2734,4.88,-1304,488,0,NAP,2375,285.98,52,28114,0,3214,371,-57.83,-29149,499,NAP,NAP,NAVL,NAP,NAP,NAP
485,398,-87,Dalmia Bharat Sugar & Industries,Dalmia Bharat Group,Cement,2894,3.92,3018,12.39,296,342,9.39,10.22,35,7.81,104,819,0.35,3224,370,2.5,2359,333,13.14,13.04,2648,258,3180,-18.19
486,NAP,R-E 2018,GMDC,Govt of Gujarat,Metals & Mining,2889,92.15,2737,103.37,405,297,0,14.02,2,0.31,90,1,0,5413,287,17.21,4767,229,9.17,14.73,1085,353,4387,96.41
487,NAP,R-E 2020,Electrotherm (India),Mukesh Bhandari,Capital Goods,2883,14.18,2831,12.44,-40,452,0,NAP,45,52.58,72,2087,0,1024,487,-15.19,-1082,488,NAP,NAP,2094,291,136,-38.32
488,440,-48,Radico Khaitan,L.K. Khaitan,Beer & Alcohol,2879,17.48,2868,19.56,263,354,-5.03,9.14,13,3.32,110,202,0.1,2240,422,7.04,2027,361,13.01,15.93,1196,342,13096,-4.26
489,NAP,NEW,Shoppers Stop,K Raheja,Retail Trade,2871,80.58,2519,44.01,-47,453,0,NAP,207,76.73,33,2115,27.86,2191,427,-1.56,76,481,NAP,NAP,5403,162,5281,111.55
490,469,-21,TTK Prestige,T.T. Jagannathan family,Consumer Durables,2854,31.2,2722,24.07,305,340,28.74,10.68,7,1.6,405,92,0.05,1823,451,14.75,1727,391,18.91,24.5,1418,332,12647,-15.26
491,454,-37,"Relaxo Footwears
                                                      ^^",M.L. Dua & R.K. Dua,Leather,2849,21.88,2653,12.47,233,366,-20.19,8.17,17,4.12,13,174,0.1,1953,442,12.7,1760,386,13.96,17.79,8026,126,27866,-27.61
492,479,-13,Nilkamal,V. Parekh & S. Parekh,Consumer Durables,2838,33.21,2730,30.49,83,423,-26.19,2.94,31,13.79,68,354,0.29,1630,461,13.27,1202,424,7.13,9.15,3225,223,3204,-12.04
493,416,-77,Sadbhav Engineering,Vishnubhai Patel,"Engg, Construction",2828,7.9,1908,-14.96,-724,478,0,NAP,975,NAP,212,6159,7.68,7257,246,-28.59,802,453,NAP,NAP,1238,340,468,-74.09
494,491,-3,Rane Holdings,L. Ganesh family,Auto Ancillaries,2825,37.71,2695,32.2,24,446,0,0.85,34,NAP,28,788,1.02,1849,449,8.15,776,454,1.93,4.28,NAVL,NAP,949,51.62
495,360,-135,Dish TV India,"Diversified
                                              *",Media,2815,-13.77,2802,-13.75,-1831,492,0,NAP,325,NAP,182,378,0.4,1282,483,-63.12,936,444,NAP,NAP,NAVL,NAP,2836,-6.99
496,482,-14,Usha Martin,Brij Kishore Jhawar,Iron & Steel,2812,32.86,2688,28.17,291,344,94.71,10.36,42,11.07,165,411,0.24,2196,425,8.43,1694,393,16.84,16.99,2180,287,3522,58.29
497,402,-95,Godfrey Phillips India,K.K. Modi Group,FMCG,2812,2.41,2706,6.42,438,286,16.35,15.58,34,5.36,50,336,0.11,3299,369,9.49,2928,300,13.61,16.51,962,361,6003,19.19
498,NAP,NEW,"Schwing Stetter India
                                                      ^^ ^",MNC,Capital goods,2801,86.82,2539,62.64,53,434,142.7,1.91,37,32.62,20,320,0.73,795,494,8.53,438,470,11.45,13.86,NAVL,NAP,NAP,NAP
499,490,-9,"Hubergroup India
                                                      ^^ ^",MNC,Basic Materials,2797,0,2695,0,171,396,0,6.12,15,6.15,11,260,0.15,2036,436,0,1764,384,9.92,13.12,NAVL,NAP,NAP,NAP
500,NAP,NEW,"Nitin Spinners
                                                      ^^",Ratan Lal Nolkha,Textiles & Garments,2788,68.79,2692,65.74,326,330,373.56,11.7,55,8.55,1,689,0.79,1569,464,1.59,876,449,45.32,36.06,5205,167,1350,-15
